path_original,rel_path,path_clean,part_idx,keep_final,action_done,drop_reason,dup_hash,file_size,tpq,n_tracks,n_tempo_changes,n_notes,first_onset_s,duration_s,max_gap_s,silence_ratio,notes_per_sec,out_of_piano_ratio,short_dur_ratio,polyphony_max,non_piano_program_ratio,suspect_score,suspect_reason,suspect_transcription,path
"C:\Users\herre\PycharmProjects\TFG_INFO\data\finetuning_sonatas_raw\Bach, Carl Philipp Emanuel, Keyboard Sonata in A major, H.174, AMMFLi9E_lg.mid","Bach, Carl Philipp Emanuel, Keyboard Sonata in A major, H.174, AMMFLi9E_lg.mid","C:\Users\herre\PycharmProjects\TFG_INFO\data\finetuning_sonatas_clean\Bach, Carl Philipp Emanuel, Keyboard Sonata in A major, H.174, AMMFLi9E_lg.mid",1,1,KEEP,,0ed2d27cd2ae70a77e95b8e1470e3404,10524,384,1,1,1380,0.38541666666666663,233.09505208333331,1.3606770833333144,0.14017104520799642,5.920331588620075,0.0,0.0014492753623188406,7,0.0,0,ok,0,"C:\Users\herre\PycharmProjects\TFG_INFO\data\finetuning_sonatas_clean\Bach, Carl Philipp Emanuel, Keyboard Sonata in A major, H.174, AMMFLi9E_lg.mid"
"C:\Users\herre\PycharmProjects\TFG_INFO\data\finetuning_sonatas_raw\Bach, Carl Philipp Emanuel, Keyboard Sonata in A major, H.186, XaBiZbgHHt0.mid","Bach, Carl Philipp Emanuel, Keyboard Sonata in A major, H.186, XaBiZbgHHt0.mid","C:\Users\herre\PycharmProjects\TFG_INFO\data\finetuning_sonatas_clean\Bach, Carl Philipp Emanuel, Keyboard Sonata in A major, H.186, XaBiZbgHHt0.mid",1,1,KEEP,,19992b6ca1a2ed9f8576f95d73c0061d,8755,384,1,1,960,0.32421875,247.61588541666666,0.1953125,0.004517034847950943,3.876972587540556,0.0,0.0,11,0.0,2,tiny_file=8755B,0,"C:\Users\herre\PycharmProjects\TFG_INFO\data\finetuning_sonatas_clean\Bach, Carl Philipp Emanuel, Keyboard Sonata in A major, H.186, XaBiZbgHHt0.mid"
"C:\Users\herre\PycharmProjects\TFG_INFO\data\finetuning_sonatas_raw\Bach, Carl Philipp Emanuel, Keyboard Sonata in A major, H.270, Kwf1jCPp8tc.mid","Bach, Carl Philipp Emanuel, Keyboard Sonata in A major, H.270, Kwf1jCPp8tc.mid","C:\Users\herre\PycharmProjects\TFG_INFO\data\finetuning_sonatas_clean\Bach, Carl Philipp Emanuel, Keyboard Sonata in A major, H.270, Kwf1jCPp8tc.mid",1,1,KEEP,,bed15e280ababf1552c6a02c02a04be4,18963,384,1,1,2491,0.4270833333333333,364.51953125,0.7252604166666665,0.04670817393043785,6.833653032137767,0.0,0.0016057808109193096,14,0.0,0,ok,0,"C:\Users\herre\PycharmProjects\TFG_INFO\data\finetuning_sonatas_clean\Bach, Carl Philipp Emanuel, Keyboard Sonata in A major, H.270, Kwf1jCPp8tc.mid"
"C:\Users\herre\PycharmProjects\TFG_INFO\data\finetuning_sonatas_raw\Bach, Carl Philipp Emanuel, Keyboard Sonata in A minor, H.131, kmHKUvaVuTY.mid","Bach, Carl Philipp Emanuel, Keyboard Sonata in A minor, H.131, kmHKUvaVuTY.mid","C:\Users\herre\PycharmProjects\TFG_INFO\data\finetuning_sonatas_clean\Bach, Carl Philipp Emanuel, Keyboard Sonata in A minor, H.131, kmHKUvaVuTY.mid",1,1,KEEP,,19582ee680d63591bbd586b12e19dac4,16325,384,1,1,2178,0.41666666666666663,304.66276041666663,1.4596354166666856,0.07633098413973917,7.1488881575854455,0.0,0.0,8,0.0,0,ok,0,"C:\Users\herre\PycharmProjects\TFG_INFO\data\finetuning_sonatas_clean\Bach, Carl Philipp Emanuel, Keyboard Sonata in A minor, H.131, kmHKUvaVuTY.mid"
"C:\Users\herre\PycharmProjects\TFG_INFO\data\finetuning_sonatas_raw\Bach, Carl Philipp Emanuel, Keyboard Sonata in A minor, H.61, HJ-JrNHBuF0.mid","Bach, Carl Philipp Emanuel, Keyboard Sonata in A minor, H.61, HJ-JrNHBuF0.mid","C:\Users\herre\PycharmProjects\TFG_INFO\data\finetuning_sonatas_clean\Bach, Carl Philipp Emanuel, Keyboard Sonata in A minor, H.61, HJ-JrNHBuF0.mid",1,1,KEEP,,acb081487ab5a7c44a378b3425333c6b,4393,384,1,1,506,0.43359375,122.38932291666666,1.1796875,0.08989839885100237,4.134347571679345,0.0,0.0,9,0.0,2,tiny_file=4393B,0,"C:\Users\herre\PycharmProjects\TFG_INFO\data\finetuning_sonatas_clean\Bach, Carl Philipp Emanuel, Keyboard Sonata in A minor, H.61, HJ-JrNHBuF0.mid"
"C:\Users\herre\PycharmProjects\TFG_INFO\data\finetuning_sonatas_raw\Bach, Carl Philipp Emanuel, Keyboard Sonata in B minor, H.132, hb7yVsHEc7U.mid","Bach, Carl Philipp Emanuel, Keyboard Sonata in B minor, H.132, hb7yVsHEc7U.mid","C:\Users\herre\PycharmProjects\TFG_INFO\data\finetuning_sonatas_clean\Bach, Carl Philipp Emanuel, Keyboard Sonata in B minor, H.132, hb7yVsHEc7U.mid",1,1,KEEP,,e6f3de8d4b2c847e6956e0eb772bd878,14377,384,1,1,2222,0.4270833333333333,198.71875,1.0533854166666714,0.18807988677465032,11.181632332127693,0.0,0.0,8,0.0,0,ok,0,"C:\Users\herre\PycharmProjects\TFG_INFO\data\finetuning_sonatas_clean\Bach, Carl Philipp Emanuel, Keyboard Sonata in B minor, H.132, hb7yVsHEc7U.mid"
"C:\Users\herre\PycharmProjects\TFG_INFO\data\finetuning_sonatas_raw\Bach, Carl Philipp Emanuel, Keyboard Sonata in B minor, H.245, VWaA0i-J_2g.mid","Bach, Carl Philipp Emanuel, Keyboard Sonata in B minor, H.245, VWaA0i-J_2g.mid","C:\Users\herre\PycharmProjects\TFG_INFO\data\finetuning_sonatas_clean\Bach, Carl Philipp Emanuel, Keyboard Sonata in B minor, H.245, VWaA0i-J_2g.mid",1,1,KEEP,,a95074bc229d55294c9aea0602fb3cf3,9508,384,1,1,1149,0.39713541666666663,224.4609375,0.1458333333333428,0.0012704047892520868,5.118930771640389,0.0,0.005221932114882507,12,0.0,2,tiny_file=9508B,0,"C:\Users\herre\PycharmProjects\TFG_INFO\data\finetuning_sonatas_clean\Bach, Carl Philipp Emanuel, Keyboard Sonata in B minor, H.245, VWaA0i-J_2g.mid"
"C:\Users\herre\PycharmProjects\TFG_INFO\data\finetuning_sonatas_raw\Bach, Carl Philipp Emanuel, Keyboard Sonata in B-flat major, H.116, 8Df7LYJ8lQI.mid","Bach, Carl Philipp Emanuel, Keyboard Sonata in B-flat major, H.116, 8Df7LYJ8lQI.mid","C:\Users\herre\PycharmProjects\TFG_INFO\data\finetuning_sonatas_clean\Bach, Carl Philipp Emanuel, Keyboard Sonata in B-flat major, H.116, 8Df7LYJ8lQI.mid",1,1,KEEP,,cf91c41c854e7d02fac7139021284117,10604,384,1,1,1537,0.40625,168.01692708333331,0.68359375,0.3826576873299886,9.147887815122795,0.0,0.0032530904359141183,10,0.0,2,high_silence_ratio=0.38,0,"C:\Users\herre\PycharmProjects\TFG_INFO\data\finetuning_sonatas_clean\Bach, Carl Philipp Emanuel, Keyboard Sonata in B-flat major, H.116, 8Df7LYJ8lQI.mid"
"C:\Users\herre\PycharmProjects\TFG_INFO\data\finetuning_sonatas_raw\Bach, Carl Philipp Emanuel, Keyboard Sonata in B-flat major, H.2, OB6XzNGpfpQ.mid","Bach, Carl Philipp Emanuel, Keyboard Sonata in B-flat major, H.2, OB6XzNGpfpQ.mid","C:\Users\herre\PycharmProjects\TFG_INFO\data\finetuning_sonatas_clean\Bach, Carl Philipp Emanuel, Keyboard Sonata in B-flat major, H.2, OB6XzNGpfpQ.mid",1,1,KEEP,,d94779d608aa0e8ee3437b6191cc312c,17842,384,1,1,2555,0.42578125,329.0247395833333,0.9375,0.07436750814235452,7.765373519436783,0.0,0.0015655577299412916,11,0.0,0,ok,0,"C:\Users\herre\PycharmProjects\TFG_INFO\data\finetuning_sonatas_clean\Bach, Carl Philipp Emanuel, Keyboard Sonata in B-flat major, H.2, OB6XzNGpfpQ.mid"
"C:\Users\herre\PycharmProjects\TFG_INFO\data\finetuning_sonatas_raw\Bach, Carl Philipp Emanuel, Keyboard Sonata in B-flat major, H.211, jF3uV48IpFY.mid","Bach, Carl Philipp Emanuel, Keyboard Sonata in B-flat major, H.211, jF3uV48IpFY.mid","C:\Users\herre\PycharmProjects\TFG_INFO\data\finetuning_sonatas_clean\Bach, Carl Philipp Emanuel, Keyboard Sonata in B-flat major, H.211, jF3uV48IpFY.mid",1,1,KEEP,,4c61e7de412c1ea5dc694c8962ff98b0,15199,384,1,1,2196,0.3802083333333333,345.35026041666663,0.4739583333333428,0.06541139920596997,6.358761673874276,0.0,0.0018214936247723133,8,0.0,0,ok,0,"C:\Users\herre\PycharmProjects\TFG_INFO\data\finetuning_sonatas_clean\Bach, Carl Philipp Emanuel, Keyboard Sonata in B-flat major, H.211, jF3uV48IpFY.mid"
"C:\Users\herre\PycharmProjects\TFG_INFO\data\finetuning_sonatas_raw\Bach, Carl Philipp Emanuel, Keyboard Sonata in B-flat major, H.51, 0y_s9afepoM.mid","Bach, Carl Philipp Emanuel, Keyboard Sonata in B-flat major, H.51, 0y_s9afepoM.mid","C:\Users\herre\PycharmProjects\TFG_INFO\data\finetuning_sonatas_clean\Bach, Carl Philipp Emanuel, Keyboard Sonata in B-flat major, H.51, 0y_s9afepoM.mid",1,1,KEEP,,002ae6f41cfab9c29f38fe96f9957bb3,19820,384,1,1,2742,0.46354166666666663,382.1263020833333,1.2057291666666856,0.06484412535395005,7.175637963287935,0.0,0.0010940919037199124,13,0.0,0,ok,0,"C:\Users\herre\PycharmProjects\TFG_INFO\data\finetuning_sonatas_clean\Bach, Carl Philipp Emanuel, Keyboard Sonata in B-flat major, H.51, 0y_s9afepoM.mid"
"C:\Users\herre\PycharmProjects\TFG_INFO\data\finetuning_sonatas_raw\Bach, Carl Philipp Emanuel, Keyboard Sonata in C major, H.41, RNmL3JkKlF4.mid","Bach, Carl Philipp Emanuel, Keyboard Sonata in C major, H.41, RNmL3JkKlF4.mid","C:\Users\herre\PycharmProjects\TFG_INFO\data\finetuning_sonatas_clean\Bach, Carl Philipp Emanuel, Keyboard Sonata in C major, H.41, RNmL3JkKlF4.mid",1,1,KEEP,,3ba731272a58193e8366e71e456da4e0,19580,384,1,1,3184,0.4140625,285.5755208333333,1.0091145833333428,0.24525583388807326,11.149415015365536,0.0,0.00157035175879397,7,0.0,0,ok,0,"C:\Users\herre\PycharmProjects\TFG_INFO\data\finetuning_sonatas_clean\Bach, Carl Philipp Emanuel, Keyboard Sonata in C major, H.41, RNmL3JkKlF4.mid"
"C:\Users\herre\PycharmProjects\TFG_INFO\data\finetuning_sonatas_raw\Bach, Carl Philipp Emanuel, Keyboard Sonata in C minor, H.121, 6IGXjAH7ziU.mid","Bach, Carl Philipp Emanuel, Keyboard Sonata in C minor, H.121, 6IGXjAH7ziU.mid","C:\Users\herre\PycharmProjects\TFG_INFO\data\finetuning_sonatas_clean\Bach, Carl Philipp Emanuel, Keyboard Sonata in C minor, H.121, 6IGXjAH7ziU.mid",1,1,KEEP,,5b94bb24e9de4c5dcb38cd4ff1f4a708,12779,384,1,1,1756,0.16796875,250.30989583333331,2.42578125,0.1718286707102643,7.015303946150086,0.0,0.0011389521640091116,8,0.0,0,ok,0,"C:\Users\herre\PycharmProjects\TFG_INFO\data\finetuning_sonatas_clean\Bach, Carl Philipp Emanuel, Keyboard Sonata in C minor, H.121, 6IGXjAH7ziU.mid"
"C:\Users\herre\PycharmProjects\TFG_INFO\data\finetuning_sonatas_raw\Bach, Carl Philipp Emanuel, Keyboard Sonata in C minor, H.209, -IyD8WjNEJY.mid","Bach, Carl Philipp Emanuel, Keyboard Sonata in C minor, H.209, -IyD8WjNEJY.mid","C:\Users\herre\PycharmProjects\TFG_INFO\data\finetuning_sonatas_clean\Bach, Carl Philipp Emanuel, Keyboard Sonata in C minor, H.209, -IyD8WjNEJY.mid",1,1,KEEP,,3f9edc6359446e97943569ea1aa493c8,12088,384,1,1,1744,0.4427083333333333,186.94791666666666,0.4817708333333339,0.08111383518136647,9.32880147099794,0.0,0.0022935779816513763,13,0.0,0,ok,0,"C:\Users\herre\PycharmProjects\TFG_INFO\data\finetuning_sonatas_clean\Bach, Carl Philipp Emanuel, Keyboard Sonata in C minor, H.209, -IyD8WjNEJY.mid"
"C:\Users\herre\PycharmProjects\TFG_INFO\data\finetuning_sonatas_raw\Bach, Carl Philipp Emanuel, Keyboard Sonata in D major, H.177, OXbo42cAi_U.mid","Bach, Carl Philipp Emanuel, Keyboard Sonata in D major, H.177, OXbo42cAi_U.mid","C:\Users\herre\PycharmProjects\TFG_INFO\data\finetuning_sonatas_clean\Bach, Carl Philipp Emanuel, Keyboard Sonata in D major, H.177, OXbo42cAi_U.mid",1,1,KEEP,,1c9475e5528456996d397c003431d196,10514,384,1,1,1453,0.41796875,189.57942708333331,1.6861979166666572,0.06296833039142309,7.664333743140313,0.0,0.0013764624913971094,9,0.0,0,ok,0,"C:\Users\herre\PycharmProjects\TFG_INFO\data\finetuning_sonatas_clean\Bach, Carl Philipp Emanuel, Keyboard Sonata in D major, H.177, OXbo42cAi_U.mid"
"C:\Users\herre\PycharmProjects\TFG_INFO\data\finetuning_sonatas_raw\Bach, Carl Philipp Emanuel, Keyboard Sonata in D minor, H.105, unFrbHAC0Mk.mid","Bach, Carl Philipp Emanuel, Keyboard Sonata in D minor, H.105, unFrbHAC0Mk.mid","C:\Users\herre\PycharmProjects\TFG_INFO\data\finetuning_sonatas_clean\Bach, Carl Philipp Emanuel, Keyboard Sonata in D minor, H.105, unFrbHAC0Mk.mid",1,1,KEEP,,faaa77185e4b5f7e23107dbcbeaa6a3b,5435,384,1,1,676,0.44401041666666663,123.78645833333333,1.1510416666666679,0.022436571717086806,5.461017377035385,0.0,0.0029585798816568047,8,0.0,2,tiny_file=5435B,0,"C:\Users\herre\PycharmProjects\TFG_INFO\data\finetuning_sonatas_clean\Bach, Carl Philipp Emanuel, Keyboard Sonata in D minor, H.105, unFrbHAC0Mk.mid"
"C:\Users\herre\PycharmProjects\TFG_INFO\data\finetuning_sonatas_raw\Bach, Carl Philipp Emanuel, Keyboard Sonata in D minor, H.128, 8elELfFbLbc.mid","Bach, Carl Philipp Emanuel, Keyboard Sonata in D minor, H.128, 8elELfFbLbc.mid","C:\Users\herre\PycharmProjects\TFG_INFO\data\finetuning_sonatas_clean\Bach, Carl Philipp Emanuel, Keyboard Sonata in D minor, H.128, 8elELfFbLbc.mid",1,1,KEEP,,38e5ab91f7a1286261e37e927accef48,11644,384,1,1,1821,0.7838541666666666,187.55078125,1.5052083333333428,0.14999409882045758,9.709370378855727,0.0,0.001098297638660077,6,0.0,0,ok,0,"C:\Users\herre\PycharmProjects\TFG_INFO\data\finetuning_sonatas_clean\Bach, Carl Philipp Emanuel, Keyboard Sonata in D minor, H.128, 8elELfFbLbc.mid"
"C:\Users\herre\PycharmProjects\TFG_INFO\data\finetuning_sonatas_raw\Bach, Carl Philipp Emanuel, Keyboard Sonata in D minor, H.38, etjURJbHCYA.mid","Bach, Carl Philipp Emanuel, Keyboard Sonata in D minor, H.38, etjURJbHCYA.mid","C:\Users\herre\PycharmProjects\TFG_INFO\data\finetuning_sonatas_clean\Bach, Carl Philipp Emanuel, Keyboard Sonata in D minor, H.38, etjURJbHCYA.mid",1,1,KEEP,,17ed5a94d1d210538fa8ea6c7f57e1db,16873,384,1,1,2247,0.4309895833333333,290.83984375,1.1627604166666572,0.09301815414232244,7.725901551272581,0.0,0.0004450378282153983,11,0.0,0,ok,0,"C:\Users\herre\PycharmProjects\TFG_INFO\data\finetuning_sonatas_clean\Bach, Carl Philipp Emanuel, Keyboard Sonata in D minor, H.38, etjURJbHCYA.mid"
"C:\Users\herre\PycharmProjects\TFG_INFO\data\finetuning_sonatas_raw\Bach, Carl Philipp Emanuel, Keyboard Sonata in D minor, H.53, frRdp5wbYjI.mid","Bach, Carl Philipp Emanuel, Keyboard Sonata in D minor, H.53, frRdp5wbYjI.mid","C:\Users\herre\PycharmProjects\TFG_INFO\data\finetuning_sonatas_clean\Bach, Carl Philipp Emanuel, Keyboard Sonata in D minor, H.53, frRdp5wbYjI.mid",1,1,TRIM_START,,baceb8de6dfd3a4cf87c044d41da459e,21179,384,1,1,3307,1.8203125,302.70963541666663,1.15625,0.29143456884648616,10.924660509891133,0.0,0.009071666162685213,10,0.0,0,ok,0,"C:\Users\herre\PycharmProjects\TFG_INFO\data\finetuning_sonatas_clean\Bach, Carl Philipp Emanuel, Keyboard Sonata in D minor, H.53, frRdp5wbYjI.mid"
"C:\Users\herre\PycharmProjects\TFG_INFO\data\finetuning_sonatas_raw\Bach, Carl Philipp Emanuel, Keyboard Sonata in D minor, H.60, _L_sBdOzRgY.mid","Bach, Carl Philipp Emanuel, Keyboard Sonata in D minor, H.60, _L_sBdOzRgY.mid","C:\Users\herre\PycharmProjects\TFG_INFO\data\finetuning_sonatas_clean\Bach, Carl Philipp Emanuel, Keyboard Sonata in D minor, H.60, _L_sBdOzRgY.mid",1,1,KEEP,,d9095e137495ccf0cf5607c14d91acd4,12234,384,1,1,1727,0.46744791666666663,242.04166666666666,1.0364583333333428,0.09370696333276059,7.135135135135135,0.0,0.0011580775911986102,8,0.0,0,ok,0,"C:\Users\herre\PycharmProjects\TFG_INFO\data\finetuning_sonatas_clean\Bach, Carl Philipp Emanuel, Keyboard Sonata in D minor, H.60, _L_sBdOzRgY.mid"
"C:\Users\herre\PycharmProjects\TFG_INFO\data\finetuning_sonatas_raw\Bach, Carl Philipp Emanuel, Keyboard Sonata in E major, H.117, 2o6clX5mXs8.mid","Bach, Carl Philipp Emanuel, Keyboard Sonata in E major, H.117, 2o6clX5mXs8.mid","C:\Users\herre\PycharmProjects\TFG_INFO\data\finetuning_sonatas_clean\Bach, Carl Philipp Emanuel, Keyboard Sonata in E major, H.117, 2o6clX5mXs8.mid",1,1,TRIM_START,,73149ac8f912ee13bc6e871b81e503fb,17120,384,1,1,2324,1.49609375,295.13932291666663,0.2890625,0.03722641584350462,7.874247243754055,0.0,0.0012908777969018934,12,0.0,0,ok,0,"C:\Users\herre\PycharmProjects\TFG_INFO\data\finetuning_sonatas_clean\Bach, Carl Philipp Emanuel, Keyboard Sonata in E major, H.117, 2o6clX5mXs8.mid"
"C:\Users\herre\PycharmProjects\TFG_INFO\data\finetuning_sonatas_raw\Bach, Carl Philipp Emanuel, Keyboard Sonata in E major, H.213, DDa8rQV6M8M.mid","Bach, Carl Philipp Emanuel, Keyboard Sonata in E major, H.213, DDa8rQV6M8M.mid","C:\Users\herre\PycharmProjects\TFG_INFO\data\finetuning_sonatas_clean\Bach, Carl Philipp Emanuel, Keyboard Sonata in E major, H.213, DDa8rQV6M8M.mid",1,1,TRIM_START,,257529784b05f3576f7b633a90c13c25,24712,384,1,1,3294,1.09765625,572.5,1.8619791666666572,0.025682314410480193,5.753711790393013,0.0,0.00030358227079538557,16,0.0,1,polyphony_max=16,0,"C:\Users\herre\PycharmProjects\TFG_INFO\data\finetuning_sonatas_clean\Bach, Carl Philipp Emanuel, Keyboard Sonata in E major, H.213, DDa8rQV6M8M.mid"
"C:\Users\herre\PycharmProjects\TFG_INFO\data\finetuning_sonatas_raw\Bach, Carl Philipp Emanuel, Keyboard Sonata in E major, H.39, f9yCLAbCVDA.mid","Bach, Carl Philipp Emanuel, Keyboard Sonata in E major, H.39, f9yCLAbCVDA.mid","C:\Users\herre\PycharmProjects\TFG_INFO\data\finetuning_sonatas_clean\Bach, Carl Philipp Emanuel, Keyboard Sonata in E major, H.39, f9yCLAbCVDA.mid",1,1,KEEP,,4cec113e1eccc071c080f5db6832bd07,10311,384,1,1,1258,0.4700520833333333,267.5,2.5520833333333144,0.045989096573208765,4.702803738317757,0.0,0.0,11,0.0,0,ok,0,"C:\Users\herre\PycharmProjects\TFG_INFO\data\finetuning_sonatas_clean\Bach, Carl Philipp Emanuel, Keyboard Sonata in E major, H.39, f9yCLAbCVDA.mid"
"C:\Users\herre\PycharmProjects\TFG_INFO\data\finetuning_sonatas_raw\Bach, Carl Philipp Emanuel, Keyboard Sonata in E major, H.83, HKDMLyyueTA.mid","Bach, Carl Philipp Emanuel, Keyboard Sonata in E major, H.83, HKDMLyyueTA.mid","C:\Users\herre\PycharmProjects\TFG_INFO\data\finetuning_sonatas_clean\Bach, Carl Philipp Emanuel, Keyboard Sonata in E major, H.83, HKDMLyyueTA.mid",1,1,KEEP,,b7ace8001f9fd47b7dac53cc2065fc38,20703,384,1,1,3270,0.8059895833333333,198.609375,0.72265625,0.2182361733931211,16.464479584611755,0.0,0.008256880733944955,9,0.0,0,ok,0,"C:\Users\herre\PycharmProjects\TFG_INFO\data\finetuning_sonatas_clean\Bach, Carl Philipp Emanuel, Keyboard Sonata in E major, H.83, HKDMLyyueTA.mid"
"C:\Users\herre\PycharmProjects\TFG_INFO\data\finetuning_sonatas_raw\Bach, Carl Philipp Emanuel, Keyboard Sonata in E minor, H.176, 2dfBKKBzWFk.mid","Bach, Carl Philipp Emanuel, Keyboard Sonata in E minor, H.176, 2dfBKKBzWFk.mid","C:\Users\herre\PycharmProjects\TFG_INFO\data\finetuning_sonatas_clean\Bach, Carl Philipp Emanuel, Keyboard Sonata in E minor, H.176, 2dfBKKBzWFk.mid",1,1,KEEP,,e00e17fb0686ea906ccf1bfd36172355,7878,384,1,1,1275,0.42057291666666663,124.21354166666666,0.5260416666666714,0.05312591722923395,10.264581324164537,0.0,0.000784313725490196,8,0.0,2,tiny_file=7878B,0,"C:\Users\herre\PycharmProjects\TFG_INFO\data\finetuning_sonatas_clean\Bach, Carl Philipp Emanuel, Keyboard Sonata in E minor, H.176, 2dfBKKBzWFk.mid"
"C:\Users\herre\PycharmProjects\TFG_INFO\data\finetuning_sonatas_raw\Bach, Carl Philipp Emanuel, Keyboard Sonata in E minor, H.281, _P28iGNDF3Y.mid","Bach, Carl Philipp Emanuel, Keyboard Sonata in E minor, H.281, _P28iGNDF3Y.mid","C:\Users\herre\PycharmProjects\TFG_INFO\data\finetuning_sonatas_clean\Bach, Carl Philipp Emanuel, Keyboard Sonata in E minor, H.281, _P28iGNDF3Y.mid",1,1,KEEP,,aae6aa50661d7ce99e9c1321a80a4f61,21344,384,1,1,3034,0.32682291666666663,509.359375,2.41796875,0.18654968966328175,5.956501733182,0.0,0.013843111404087014,14,0.0,0,ok,0,"C:\Users\herre\PycharmProjects\TFG_INFO\data\finetuning_sonatas_clean\Bach, Carl Philipp Emanuel, Keyboard Sonata in E minor, H.281, _P28iGNDF3Y.mid"
"C:\Users\herre\PycharmProjects\TFG_INFO\data\finetuning_sonatas_raw\Bach, Carl Philipp Emanuel, Keyboard Sonata in E minor, H.287, q3sPQA8OtXo.mid","Bach, Carl Philipp Emanuel, Keyboard Sonata in E minor, H.287, q3sPQA8OtXo.mid","C:\Users\herre\PycharmProjects\TFG_INFO\data\finetuning_sonatas_clean\Bach, Carl Philipp Emanuel, Keyboard Sonata in E minor, H.287, q3sPQA8OtXo.mid",1,1,KEEP,,85a921e2adf64fb46510423fba4b8576,7131,384,1,1,974,0.4609375,166.07291666666666,1.05078125,0.16185786865709081,5.864893683748353,0.0,0.001026694045174538,11,0.0,2,tiny_file=7131B,0,"C:\Users\herre\PycharmProjects\TFG_INFO\data\finetuning_sonatas_clean\Bach, Carl Philipp Emanuel, Keyboard Sonata in E minor, H.287, q3sPQA8OtXo.mid"
"C:\Users\herre\PycharmProjects\TFG_INFO\data\finetuning_sonatas_raw\Bach, Carl Philipp Emanuel, Keyboard Sonata in E minor, H.66, lCHNtG2hso0.mid","Bach, Carl Philipp Emanuel, Keyboard Sonata in E minor, H.66, lCHNtG2hso0.mid","C:\Users\herre\PycharmProjects\TFG_INFO\data\finetuning_sonatas_clean\Bach, Carl Philipp Emanuel, Keyboard Sonata in E minor, H.66, lCHNtG2hso0.mid",1,1,KEEP,,ea6ee7317d84e4f1d918ec7c374347cf,7878,384,1,1,1106,0.42057291666666663,179.07942708333331,0.2291666666666572,0.009539528694931413,6.1760304799575385,0.0,0.0,9,0.0,2,tiny_file=7878B,0,"C:\Users\herre\PycharmProjects\TFG_INFO\data\finetuning_sonatas_clean\Bach, Carl Philipp Emanuel, Keyboard Sonata in E minor, H.66, lCHNtG2hso0.mid"
"C:\Users\herre\PycharmProjects\TFG_INFO\data\finetuning_sonatas_raw\Bach, Carl Philipp Emanuel, Keyboard Sonata in F major, H.130, xLztVYYmqNo.mid","Bach, Carl Philipp Emanuel, Keyboard Sonata in F major, H.130, xLztVYYmqNo.mid","C:\Users\herre\PycharmProjects\TFG_INFO\data\finetuning_sonatas_clean\Bach, Carl Philipp Emanuel, Keyboard Sonata in F major, H.130, xLztVYYmqNo.mid",1,1,KEEP,,502b9bd3190cba6f9ee5df9f8d3badeb,17111,384,1,1,2239,0.4153645833333333,418.1888020833333,0.94140625,0.025556638405325002,5.354041018902821,0.0,0.001786511835640911,9,0.0,0,ok,0,"C:\Users\herre\PycharmProjects\TFG_INFO\data\finetuning_sonatas_clean\Bach, Carl Philipp Emanuel, Keyboard Sonata in F major, H.130, xLztVYYmqNo.mid"
"C:\Users\herre\PycharmProjects\TFG_INFO\data\finetuning_sonatas_raw\Bach, Carl Philipp Emanuel, Keyboard Sonata in F major, H.240, vIGTVGNeia8.mid","Bach, Carl Philipp Emanuel, Keyboard Sonata in F major, H.240, vIGTVGNeia8.mid","C:\Users\herre\PycharmProjects\TFG_INFO\data\finetuning_sonatas_clean\Bach, Carl Philipp Emanuel, Keyboard Sonata in F major, H.240, vIGTVGNeia8.mid",1,1,KEEP,,798022f7e82755511a34dd9dd1aeb5da,8945,384,1,1,1410,0.42578125,166.83072916666666,0.3802083333333357,0.16859185489284007,8.451680377128765,0.0,0.002127659574468085,7,0.0,2,tiny_file=8945B,0,"C:\Users\herre\PycharmProjects\TFG_INFO\data\finetuning_sonatas_clean\Bach, Carl Philipp Emanuel, Keyboard Sonata in F major, H.240, vIGTVGNeia8.mid"
"C:\Users\herre\PycharmProjects\TFG_INFO\data\finetuning_sonatas_raw\Bach, Carl Philipp Emanuel, Keyboard Sonata in F major, H.52, 1mBL2wasLnU.mid","Bach, Carl Philipp Emanuel, Keyboard Sonata in F major, H.52, 1mBL2wasLnU.mid","C:\Users\herre\PycharmProjects\TFG_INFO\data\finetuning_sonatas_clean\Bach, Carl Philipp Emanuel, Keyboard Sonata in F major, H.52, 1mBL2wasLnU.mid",1,1,KEEP,,7702cc9696b61f4584602af408ac3668,13551,384,1,1,1963,0.44401041666666663,223.88932291666666,1.5520833333333144,0.1053987565936012,8.76772493849849,0.0,0.0015282730514518594,8,0.0,0,ok,0,"C:\Users\herre\PycharmProjects\TFG_INFO\data\finetuning_sonatas_clean\Bach, Carl Philipp Emanuel, Keyboard Sonata in F major, H.52, 1mBL2wasLnU.mid"
"C:\Users\herre\PycharmProjects\TFG_INFO\data\finetuning_sonatas_raw\Bach, Carl Philipp Emanuel, Keyboard Sonata in F major, H.55, zRPTf8eGLWc.mid","Bach, Carl Philipp Emanuel, Keyboard Sonata in F major, H.55, zRPTf8eGLWc.mid","C:\Users\herre\PycharmProjects\TFG_INFO\data\finetuning_sonatas_clean\Bach, Carl Philipp Emanuel, Keyboard Sonata in F major, H.55, zRPTf8eGLWc.mid",1,1,TRIM_START,,0b3f79d1848c7a282332927a030c9dd9,4786,384,1,1,727,7.115885416666666,112.5,0.30859375,0.04512731481481457,6.4622222222222225,0.0,0.008253094910591471,7,0.0,2,tiny_file=4786B,0,"C:\Users\herre\PycharmProjects\TFG_INFO\data\finetuning_sonatas_clean\Bach, Carl Philipp Emanuel, Keyboard Sonata in F major, H.55, zRPTf8eGLWc.mid"
"C:\Users\herre\PycharmProjects\TFG_INFO\data\finetuning_sonatas_raw\Bach, Carl Philipp Emanuel, Keyboard Sonata in F major, H.58, aaaAPtVqnuo.mid","Bach, Carl Philipp Emanuel, Keyboard Sonata in F major, H.58, aaaAPtVqnuo.mid","C:\Users\herre\PycharmProjects\TFG_INFO\data\finetuning_sonatas_clean\Bach, Carl Philipp Emanuel, Keyboard Sonata in F major, H.58, aaaAPtVqnuo.mid",1,1,KEEP,,f4d69ae712679a588ac50d2048262e11,12245,384,1,1,1915,0.4036458333333333,220.90364583333331,0.782552083333333,0.1285734494913181,8.668937956075307,0.0,0.0,7,0.0,0,ok,0,"C:\Users\herre\PycharmProjects\TFG_INFO\data\finetuning_sonatas_clean\Bach, Carl Philipp Emanuel, Keyboard Sonata in F major, H.58, aaaAPtVqnuo.mid"
"C:\Users\herre\PycharmProjects\TFG_INFO\data\finetuning_sonatas_raw\Bach, Carl Philipp Emanuel, Keyboard Sonata in G major, H.15, T1mpDBQxyWI.mid","Bach, Carl Philipp Emanuel, Keyboard Sonata in G major, H.15, T1mpDBQxyWI.mid","C:\Users\herre\PycharmProjects\TFG_INFO\data\finetuning_sonatas_clean\Bach, Carl Philipp Emanuel, Keyboard Sonata in G major, H.15, T1mpDBQxyWI.mid",1,1,KEEP,,c23933179a5e335c8fd707e824a06559,9941,384,1,1,1410,0.4153645833333333,216.95703125,0.16276041666666607,0.019535118200968652,6.498982733476171,0.0,0.0007092198581560284,9,0.0,2,tiny_file=9941B,0,"C:\Users\herre\PycharmProjects\TFG_INFO\data\finetuning_sonatas_clean\Bach, Carl Philipp Emanuel, Keyboard Sonata in G major, H.15, T1mpDBQxyWI.mid"
"C:\Users\herre\PycharmProjects\TFG_INFO\data\finetuning_sonatas_raw\Bach, Carl Philipp Emanuel, Keyboard Sonata in G minor, H.118, YANzC1iV1Zo.mid","Bach, Carl Philipp Emanuel, Keyboard Sonata in G minor, H.118, YANzC1iV1Zo.mid","C:\Users\herre\PycharmProjects\TFG_INFO\data\finetuning_sonatas_clean\Bach, Carl Philipp Emanuel, Keyboard Sonata in G minor, H.118, YANzC1iV1Zo.mid",1,1,KEEP,,7741a9141fed2e6b5383b4cd732c8af5,8701,384,1,1,1221,0.4153645833333333,153.66015625,0.4270833333333286,0.035335689045936335,7.946106718865191,0.0,0.001638001638001638,8,0.0,2,tiny_file=8701B,0,"C:\Users\herre\PycharmProjects\TFG_INFO\data\finetuning_sonatas_clean\Bach, Carl Philipp Emanuel, Keyboard Sonata in G minor, H.118, YANzC1iV1Zo.mid"
"C:\Users\herre\PycharmProjects\TFG_INFO\data\finetuning_sonatas_raw\Bach, Carl Philipp Emanuel, Keyboard Sonata in G minor, H.21, Y69rFp8RlJ0.mid","Bach, Carl Philipp Emanuel, Keyboard Sonata in G minor, H.21, Y69rFp8RlJ0.mid","C:\Users\herre\PycharmProjects\TFG_INFO\data\finetuning_sonatas_clean\Bach, Carl Philipp Emanuel, Keyboard Sonata in G minor, H.21, Y69rFp8RlJ0.mid",1,1,KEEP,,a31b2bc49366f940ecf25baa7b920229,9938,384,1,1,1566,0.43359375,165.41276041666666,0.8567708333333428,0.24490502766910371,9.467226083739384,0.0,0.002554278416347382,10,0.0,2,tiny_file=9938B,0,"C:\Users\herre\PycharmProjects\TFG_INFO\data\finetuning_sonatas_clean\Bach, Carl Philipp Emanuel, Keyboard Sonata in G minor, H.21, Y69rFp8RlJ0.mid"
"C:\Users\herre\PycharmProjects\TFG_INFO\data\finetuning_sonatas_raw\Bach, Carl Philipp Emanuel, Keyboard Sonata in G minor, H.210, KGo32UvyYn4.mid","Bach, Carl Philipp Emanuel, Keyboard Sonata in G minor, H.210, KGo32UvyYn4.mid","C:\Users\herre\PycharmProjects\TFG_INFO\data\finetuning_sonatas_clean\Bach, Carl Philipp Emanuel, Keyboard Sonata in G minor, H.210, KGo32UvyYn4.mid",1,1,KEEP,,139008cfc0f6983004f21c66af4c25be,9019,384,1,1,1314,0.46354166666666663,191.17447916666666,0.2799479166666572,0.017824304259579697,6.8733023661304165,0.0,0.0,9,0.0,2,tiny_file=9019B,0,"C:\Users\herre\PycharmProjects\TFG_INFO\data\finetuning_sonatas_clean\Bach, Carl Philipp Emanuel, Keyboard Sonata in G minor, H.210, KGo32UvyYn4.mid"
"C:\Users\herre\PycharmProjects\TFG_INFO\data\finetuning_sonatas_raw\Beethoven, Ludwig van, Piano Sonata No.10, Op.14 No.2, fQqNsTUvqCY.mid","Beethoven, Ludwig van, Piano Sonata No.10, Op.14 No.2, fQqNsTUvqCY.mid","C:\Users\herre\PycharmProjects\TFG_INFO\data\finetuning_sonatas_clean\Beethoven, Ludwig van, Piano Sonata No.10, Op.14 No.2, fQqNsTUvqCY.mid",1,1,COMPRESS_GAPS,,1e140240957510b108abc9929b367460,110495,384,1,1,15206,0.8919270833333333,1761.2669270833333,6.649739583333371,0.1684312236767311,8.633557904355367,0.0,0.002235959489675128,15,0.0,1,polyphony_max=15,0,"C:\Users\herre\PycharmProjects\TFG_INFO\data\finetuning_sonatas_clean\Beethoven, Ludwig van, Piano Sonata No.10, Op.14 No.2, fQqNsTUvqCY.mid"
"C:\Users\herre\PycharmProjects\TFG_INFO\data\finetuning_sonatas_raw\Beethoven, Ludwig van, Piano Sonata No.12, Op.26, Ncs9nJNuFGA.mid","Beethoven, Ludwig van, Piano Sonata No.12, Op.26, Ncs9nJNuFGA.mid","C:\Users\herre\PycharmProjects\TFG_INFO\data\finetuning_sonatas_clean\Beethoven, Ludwig van, Piano Sonata No.12, Op.26, Ncs9nJNuFGA.mid",1,1,COMPRESS_GAPS,,159e456f6fadba6b815b6db5c4c7e92b,206063,384,1,1,29015,0.5169270833333333,3460.3984375,9.21614583333303,0.12731253099617512,8.384872587378169,0.0,0.0028261244184042736,20,0.0,1,polyphony_max=20,0,"C:\Users\herre\PycharmProjects\TFG_INFO\data\finetuning_sonatas_clean\Beethoven, Ludwig van, Piano Sonata No.12, Op.26, Ncs9nJNuFGA.mid"
"C:\Users\herre\PycharmProjects\TFG_INFO\data\finetuning_sonatas_raw\Beethoven, Ludwig van, Piano Sonata No.15, Op.28, IblxeFAcqrc.mid","Beethoven, Ludwig van, Piano Sonata No.15, Op.28, IblxeFAcqrc.mid","C:\Users\herre\PycharmProjects\TFG_INFO\data\finetuning_sonatas_clean\Beethoven, Ludwig van, Piano Sonata No.15, Op.28, IblxeFAcqrc.mid",1,1,TRIM_START+COMPRESS_GAPS,,2a3d3c06fa81c0b5a5ce3bb15b662fe0,91137,384,1,1,12427,10.052083333333332,1693.51953125,7.5768229166667425,0.0925979319141649,7.3379726484923,0.0,0.0041844371127383925,20,0.0,1,polyphony_max=20,0,"C:\Users\herre\PycharmProjects\TFG_INFO\data\finetuning_sonatas_clean\Beethoven, Ludwig van, Piano Sonata No.15, Op.28, IblxeFAcqrc.mid"
"C:\Users\herre\PycharmProjects\TFG_INFO\data\finetuning_sonatas_raw\Beethoven, Ludwig van, Piano Sonata No.16, Op.31 No.1, q7LXQVxd6xA.mid","Beethoven, Ludwig van, Piano Sonata No.16, Op.31 No.1, q7LXQVxd6xA.mid","C:\Users\herre\PycharmProjects\TFG_INFO\data\finetuning_sonatas_clean\Beethoven, Ludwig van, Piano Sonata No.16, Op.31 No.1, q7LXQVxd6xA.mid",1,1,COMPRESS_GAPS,,91a6fb8445aa2a06cadf4c9588894e99,188211,384,1,1,27401,0.7825520833333333,2635.848958333333,9.9140625,0.1764097983927481,10.395512198591932,0.0,0.005145797598627788,19,0.0,1,polyphony_max=19,0,"C:\Users\herre\PycharmProjects\TFG_INFO\data\finetuning_sonatas_clean\Beethoven, Ludwig van, Piano Sonata No.16, Op.31 No.1, q7LXQVxd6xA.mid"
"C:\Users\herre\PycharmProjects\TFG_INFO\data\finetuning_sonatas_raw\Beethoven, Ludwig van, Piano Sonata No.17, Op.31 No.2, fXDWRm-PU1Q.mid","Beethoven, Ludwig van, Piano Sonata No.17, Op.31 No.2, fXDWRm-PU1Q.mid","C:\Users\herre\PycharmProjects\TFG_INFO\data\finetuning_sonatas_clean\Beethoven, Ludwig van, Piano Sonata No.17, Op.31 No.2, fXDWRm-PU1Q.mid",1,1,TRIM_START+COMPRESS_GAPS,,2c7bf76b852cb4635462cd87fa4cf8e1,74231,384,1,1,10153,2.7486979166666665,1594.64453125,5.8815104166667425,0.04608769424350819,6.366936204924197,0.0,0.002265340293509308,21,0.0,1,polyphony_max=21,0,"C:\Users\herre\PycharmProjects\TFG_INFO\data\finetuning_sonatas_clean\Beethoven, Ludwig van, Piano Sonata No.17, Op.31 No.2, fXDWRm-PU1Q.mid"
"C:\Users\herre\PycharmProjects\TFG_INFO\data\finetuning_sonatas_raw\Beethoven, Ludwig van, Piano Sonata No.18, Op.31 No.3, P-Q5aBAw-T4.mid","Beethoven, Ludwig van, Piano Sonata No.18, Op.31 No.3, P-Q5aBAw-T4.mid","C:\Users\herre\PycharmProjects\TFG_INFO\data\finetuning_sonatas_clean\Beethoven, Ludwig van, Piano Sonata No.18, Op.31 No.3, P-Q5aBAw-T4.mid",1,1,TRIM_START+COMPRESS_GAPS,,93092a202f716fe9251fd1eece97b0e6,90733,384,1,1,13279,7.822916666666666,1332.8489583333333,5.5377604166667425,0.18318861930310287,9.962869323621472,0.0,0.0053467881617591684,14,0.0,0,ok,0,"C:\Users\herre\PycharmProjects\TFG_INFO\data\finetuning_sonatas_clean\Beethoven, Ludwig van, Piano Sonata No.18, Op.31 No.3, P-Q5aBAw-T4.mid"
"C:\Users\herre\PycharmProjects\TFG_INFO\data\finetuning_sonatas_raw\Beethoven, Ludwig van, Piano Sonata No.19, Op.49 No.1, yqnwJmzXkac.mid","Beethoven, Ludwig van, Piano Sonata No.19, Op.49 No.1, yqnwJmzXkac.mid","C:\Users\herre\PycharmProjects\TFG_INFO\data\finetuning_sonatas_clean\Beethoven, Ludwig van, Piano Sonata No.19, Op.49 No.1, yqnwJmzXkac.mid",1,1,COMPRESS_GAPS,,04d786c9a9bd18b590e3a796d3fa441d,58576,384,1,1,7775,0.8098958333333333,1027.37890625,4.3203125,0.13888624850607081,7.567801862293686,0.0,0.0016720257234726689,11,0.0,0,ok,0,"C:\Users\herre\PycharmProjects\TFG_INFO\data\finetuning_sonatas_clean\Beethoven, Ludwig van, Piano Sonata No.19, Op.49 No.1, yqnwJmzXkac.mid"
"C:\Users\herre\PycharmProjects\TFG_INFO\data\finetuning_sonatas_raw\Beethoven, Ludwig van, Piano Sonata No.2, Op.2 No.2, mvEjHO_JOF0.mid","Beethoven, Ludwig van, Piano Sonata No.2, Op.2 No.2, mvEjHO_JOF0.mid","C:\Users\herre\PycharmProjects\TFG_INFO\data\finetuning_sonatas_clean\Beethoven, Ludwig van, Piano Sonata No.2, Op.2 No.2, mvEjHO_JOF0.mid",1,1,COMPRESS_GAPS,,76cf67e39b22352eade66f9011c1c401,75358,384,1,1,10985,0.51171875,1306.46875,4.13671875,0.13762946396536396,8.40816131269883,0.0,0.002366863905325444,13,0.0,0,ok,0,"C:\Users\herre\PycharmProjects\TFG_INFO\data\finetuning_sonatas_clean\Beethoven, Ludwig van, Piano Sonata No.2, Op.2 No.2, mvEjHO_JOF0.mid"
"C:\Users\herre\PycharmProjects\TFG_INFO\data\finetuning_sonatas_raw\Beethoven, Ludwig van, Piano Sonata No.20, Op.49 No.2, W7WpjF2VILE.mid","Beethoven, Ludwig van, Piano Sonata No.20, Op.49 No.2, W7WpjF2VILE.mid","C:\Users\herre\PycharmProjects\TFG_INFO\data\finetuning_sonatas_clean\Beethoven, Ludwig van, Piano Sonata No.20, Op.49 No.2, W7WpjF2VILE.mid",1,1,COMPRESS_GAPS,,6a73656358a9bc32bc84c7c31962b482,53483,384,1,1,7276,0.5455729166666666,970.9088541666666,5.048177083333314,0.11143982898326045,7.4940093179446885,0.0,0.0010995052226498076,9,0.0,0,ok,0,"C:\Users\herre\PycharmProjects\TFG_INFO\data\finetuning_sonatas_clean\Beethoven, Ludwig van, Piano Sonata No.20, Op.49 No.2, W7WpjF2VILE.mid"
"C:\Users\herre\PycharmProjects\TFG_INFO\data\finetuning_sonatas_raw\Beethoven, Ludwig van, Piano Sonata No.25, Op.79, 5Q1edoAh6JY.mid","Beethoven, Ludwig van, Piano Sonata No.25, Op.79, 5Q1edoAh6JY.mid","C:\Users\herre\PycharmProjects\TFG_INFO\data\finetuning_sonatas_clean\Beethoven, Ludwig van, Piano Sonata No.25, Op.79, 5Q1edoAh6JY.mid",1,1,SPLIT,,a9901314b0600e63d41561dffc267297,39553,384,1,1,5877,0.23567708333333331,584.3697916666666,12.225260416666686,0.10534184796655806,10.056988030196349,0.0,0.0008507742045261188,14,0.0,0,ok,0,"C:\Users\herre\PycharmProjects\TFG_INFO\data\finetuning_sonatas_clean\Beethoven, Ludwig van, Piano Sonata No.25, Op.79, 5Q1edoAh6JY.mid"
"C:\Users\herre\PycharmProjects\TFG_INFO\data\finetuning_sonatas_raw\Beethoven, Ludwig van, Piano Sonata No.25, Op.79, 5Q1edoAh6JY.mid","Beethoven, Ludwig van, Piano Sonata No.25, Op.79, 5Q1edoAh6JY.mid","C:\Users\herre\PycharmProjects\TFG_INFO\data\finetuning_sonatas_clean\Beethoven, Ludwig van, Piano Sonata No.25, Op.79, 5Q1edoAh6JY.part2.mid",2,1,SPLIT,,a9901314b0600e63d41561dffc267297,39553,384,1,1,5877,0.23567708333333331,584.3697916666666,12.225260416666686,0.10534184796655806,10.056988030196349,0.0,0.0008507742045261188,14,0.0,0,ok,0,"C:\Users\herre\PycharmProjects\TFG_INFO\data\finetuning_sonatas_clean\Beethoven, Ludwig van, Piano Sonata No.25, Op.79, 5Q1edoAh6JY.part2.mid"
"C:\Users\herre\PycharmProjects\TFG_INFO\data\finetuning_sonatas_raw\Beethoven, Ludwig van, Piano Sonata No.5, Op.10 No.1, GuMzYleEPRE.mid","Beethoven, Ludwig van, Piano Sonata No.5, Op.10 No.1, GuMzYleEPRE.mid","C:\Users\herre\PycharmProjects\TFG_INFO\data\finetuning_sonatas_clean\Beethoven, Ludwig van, Piano Sonata No.5, Op.10 No.1, GuMzYleEPRE.mid",1,1,COMPRESS_GAPS,,bfa47d2f9b309884dedd1b385900557f,161157,384,1,1,22401,0.5247395833333333,3160.46484375,7.80859375,0.14367571028293252,7.0878814058948505,0.0,0.0037498325967590734,20,0.0,1,polyphony_max=20,0,"C:\Users\herre\PycharmProjects\TFG_INFO\data\finetuning_sonatas_clean\Beethoven, Ludwig van, Piano Sonata No.5, Op.10 No.1, GuMzYleEPRE.mid"
"C:\Users\herre\PycharmProjects\TFG_INFO\data\finetuning_sonatas_raw\Beethoven, Ludwig van, Piano Sonata No.6, Op.10 No.2, FjmzBuRnIHk.mid","Beethoven, Ludwig van, Piano Sonata No.6, Op.10 No.2, FjmzBuRnIHk.mid","C:\Users\herre\PycharmProjects\TFG_INFO\data\finetuning_sonatas_clean\Beethoven, Ludwig van, Piano Sonata No.6, Op.10 No.2, FjmzBuRnIHk.mid",1,1,COMPRESS_GAPS,,4f8ed95cd1c915b55809ee2595f58982,135657,384,1,1,20550,0.86328125,1704.4088541666665,4.4166666666667425,0.21209546931747267,12.056966231877194,0.0,0.0051094890510948905,19,0.0,1,polyphony_max=19,0,"C:\Users\herre\PycharmProjects\TFG_INFO\data\finetuning_sonatas_clean\Beethoven, Ludwig van, Piano Sonata No.6, Op.10 No.2, FjmzBuRnIHk.mid"
"C:\Users\herre\PycharmProjects\TFG_INFO\data\finetuning_sonatas_raw\Beethoven, Ludwig van, Piano Sonata No.7, Op.10 No.3, 9KilNvMTNTI.mid","Beethoven, Ludwig van, Piano Sonata No.7, Op.10 No.3, 9KilNvMTNTI.mid","C:\Users\herre\PycharmProjects\TFG_INFO\data\finetuning_sonatas_clean\Beethoven, Ludwig van, Piano Sonata No.7, Op.10 No.3, 9KilNvMTNTI.mid",1,1,COMPRESS_GAPS,,6216a036ee684de5e7fc4e4f1aa10f54,153275,384,1,1,21778,0.8697916666666666,2852.5533854166665,7.5221354166667425,0.12350548508030121,7.634563514687362,0.0,0.0029387455230048673,18,0.0,1,polyphony_max=18,0,"C:\Users\herre\PycharmProjects\TFG_INFO\data\finetuning_sonatas_clean\Beethoven, Ludwig van, Piano Sonata No.7, Op.10 No.3, 9KilNvMTNTI.mid"
"C:\Users\herre\PycharmProjects\TFG_INFO\data\finetuning_sonatas_raw\Beethoven, Ludwig van, Piano Sonata No.8, Op.13, SrcOcKYQX3c.mid","Beethoven, Ludwig van, Piano Sonata No.8, Op.13, SrcOcKYQX3c.mid","C:\Users\herre\PycharmProjects\TFG_INFO\data\finetuning_sonatas_clean\Beethoven, Ludwig van, Piano Sonata No.8, Op.13, SrcOcKYQX3c.mid",1,1,TRIM_START+COMPRESS_GAPS,,747e8f0aeaea7a598ef085603fca6a22,76110,384,1,1,10826,20.106770833333332,1195.1197916666665,10.696614583333258,0.0699034266962416,9.058506164392517,0.0,0.005911694069831886,32,0.0,1,polyphony_max=32,0,"C:\Users\herre\PycharmProjects\TFG_INFO\data\finetuning_sonatas_clean\Beethoven, Ludwig van, Piano Sonata No.8, Op.13, SrcOcKYQX3c.mid"
"C:\Users\herre\PycharmProjects\TFG_INFO\data\finetuning_sonatas_raw\Beethoven, Ludwig van, Piano Sonata No.9, Op.14 No.1, YkWwBxhQFb8.mid","Beethoven, Ludwig van, Piano Sonata No.9, Op.14 No.1, YkWwBxhQFb8.mid","C:\Users\herre\PycharmProjects\TFG_INFO\data\finetuning_sonatas_clean\Beethoven, Ludwig van, Piano Sonata No.9, Op.14 No.1, YkWwBxhQFb8.mid",1,1,TRIM_START+COMPRESS_GAPS,,f3064704c56ff3a8dea7b1b9a2a4f121,30030,384,1,1,4090,32.90755208333333,469.0091145833333,4.825520833333371,0.049764158145913534,8.720512827631392,0.0,0.006845965770171149,18,0.0,1,polyphony_max=18,0,"C:\Users\herre\PycharmProjects\TFG_INFO\data\finetuning_sonatas_clean\Beethoven, Ludwig van, Piano Sonata No.9, Op.14 No.1, YkWwBxhQFb8.mid"
"C:\Users\herre\PycharmProjects\TFG_INFO\data\finetuning_sonatas_raw\Clementi, Muzio, 3 Piano Sonatas, Op.33, HpeLSB8IY8U.mid","Clementi, Muzio, 3 Piano Sonatas, Op.33, HpeLSB8IY8U.mid","C:\Users\herre\PycharmProjects\TFG_INFO\data\finetuning_sonatas_clean\Clementi, Muzio, 3 Piano Sonatas, Op.33, HpeLSB8IY8U.mid",1,1,TRIM_START+COMPRESS_GAPS,,1304a10fb28df48385c98b7aefca9e4f,72168,384,1,1,11141,2.9453125,955.4192708333333,4.69921875,0.09495858330085491,11.660849158173905,0.0,0.002154205188044161,16,0.0,1,polyphony_max=16,0,"C:\Users\herre\PycharmProjects\TFG_INFO\data\finetuning_sonatas_clean\Clementi, Muzio, 3 Piano Sonatas, Op.33, HpeLSB8IY8U.mid"
"C:\Users\herre\PycharmProjects\TFG_INFO\data\finetuning_sonatas_raw\Clementi, Muzio, 3 Piano Sonatas, Op.37, pzZocdOCWMM.mid","Clementi, Muzio, 3 Piano Sonatas, Op.37, pzZocdOCWMM.mid","C:\Users\herre\PycharmProjects\TFG_INFO\data\finetuning_sonatas_clean\Clementi, Muzio, 3 Piano Sonatas, Op.37, pzZocdOCWMM.mid",1,1,TRIM_START,,1b9915fea8d408326d860d0d1eda60ab,26459,384,1,1,3888,8.354166666666666,451.95963541666663,1.2278645833333286,0.0789789833047629,8.60253813687501,0.0,0.00411522633744856,11,0.0,0,ok,0,"C:\Users\herre\PycharmProjects\TFG_INFO\data\finetuning_sonatas_clean\Clementi, Muzio, 3 Piano Sonatas, Op.37, pzZocdOCWMM.mid"
"C:\Users\herre\PycharmProjects\TFG_INFO\data\finetuning_sonatas_raw\Clementi, Muzio, Piano Sonata No.1, Op.2 No.2, -ea7nbHn2dg.mid","Clementi, Muzio, Piano Sonata No.1, Op.2 No.2, -ea7nbHn2dg.mid","C:\Users\herre\PycharmProjects\TFG_INFO\data\finetuning_sonatas_clean\Clementi, Muzio, Piano Sonata No.1, Op.2 No.2, -ea7nbHn2dg.mid",1,1,KEEP,,03bbd65125cbc653ee47b02b76ea406c,35322,384,1,1,4836,0.46875,386.10546875,0.8880208333333286,0.057181591007962405,12.525075119128315,0.0,0.0008271298593879239,15,0.0,1,polyphony_max=15,0,"C:\Users\herre\PycharmProjects\TFG_INFO\data\finetuning_sonatas_clean\Clementi, Muzio, Piano Sonata No.1, Op.2 No.2, -ea7nbHn2dg.mid"
"C:\Users\herre\PycharmProjects\TFG_INFO\data\finetuning_sonatas_raw\Clementi, Muzio, Piano Sonata, Op.26, -Slvsc2_6Ig.mid","Clementi, Muzio, Piano Sonata, Op.26, -Slvsc2_6Ig.mid","C:\Users\herre\PycharmProjects\TFG_INFO\data\finetuning_sonatas_clean\Clementi, Muzio, Piano Sonata, Op.26, -Slvsc2_6Ig.mid",1,1,COMPRESS_GAPS,,e9ae93c67f35f55e8b75010dc8950257,44028,384,1,1,6415,0.4739583333333333,690.7552083333333,5.934895833333314,0.03843166823751091,9.286936852026392,0.0,0.010756040530007794,17,0.0,1,polyphony_max=17,0,"C:\Users\herre\PycharmProjects\TFG_INFO\data\finetuning_sonatas_clean\Clementi, Muzio, Piano Sonata, Op.26, -Slvsc2_6Ig.mid"
"C:\Users\herre\PycharmProjects\TFG_INFO\data\finetuning_sonatas_raw\Clementi, Muzio, Piano Sonata, Op.46, q-b-13F6uJE.mid","Clementi, Muzio, Piano Sonata, Op.46, q-b-13F6uJE.mid","C:\Users\herre\PycharmProjects\TFG_INFO\data\finetuning_sonatas_clean\Clementi, Muzio, Piano Sonata, Op.46, q-b-13F6uJE.mid",1,1,TRIM_START+COMPRESS_GAPS,,f8128bcbf2c29ec8d0f777ce734338b8,96565,384,1,1,13579,3.661458333333333,1445.9713541666665,6.23828125,0.06909192746369794,9.390919094538887,0.0,0.0018410781353560646,20,0.0,1,polyphony_max=20,0,"C:\Users\herre\PycharmProjects\TFG_INFO\data\finetuning_sonatas_clean\Clementi, Muzio, Piano Sonata, Op.46, q-b-13F6uJE.mid"
"C:\Users\herre\PycharmProjects\TFG_INFO\data\finetuning_sonatas_raw\Haydn, Joseph, Keyboard Sonata in A major, Hob.XVI_26, d4MIV6nP7Rc.mid","Haydn, Joseph, Keyboard Sonata in A major, Hob.XVI_26, d4MIV6nP7Rc.mid","C:\Users\herre\PycharmProjects\TFG_INFO\data\finetuning_sonatas_clean\Haydn, Joseph, Keyboard Sonata in A major, Hob.XVI_26, d4MIV6nP7Rc.mid",1,1,TRIM_START,,cecb05557867f133a6fe04911a4c9ca5,51429,384,1,1,7419,6.69921875,662.75,3.19140625,0.15473327675091317,11.194266314598265,0.0,0.03234937323089365,11,0.0,0,ok,0,"C:\Users\herre\PycharmProjects\TFG_INFO\data\finetuning_sonatas_clean\Haydn, Joseph, Keyboard Sonata in A major, Hob.XVI_26, d4MIV6nP7Rc.mid"
"C:\Users\herre\PycharmProjects\TFG_INFO\data\finetuning_sonatas_raw\Haydn, Joseph, Keyboard Sonata in A major, Hob.XVI_30, 0NgmKR-8fZM.mid","Haydn, Joseph, Keyboard Sonata in A major, Hob.XVI_30, 0NgmKR-8fZM.mid","C:\Users\herre\PycharmProjects\TFG_INFO\data\finetuning_sonatas_clean\Haydn, Joseph, Keyboard Sonata in A major, Hob.XVI_30, 0NgmKR-8fZM.mid",1,1,TRIM_START,,f0ac5e88130d1c57934b066f412461a3,36056,384,1,1,5320,3.14453125,786.1119791666666,1.8046875,0.20864817949626957,6.767483693149632,0.0,0.002819548872180451,12,0.0,0,ok,0,"C:\Users\herre\PycharmProjects\TFG_INFO\data\finetuning_sonatas_clean\Haydn, Joseph, Keyboard Sonata in A major, Hob.XVI_30, 0NgmKR-8fZM.mid"
"C:\Users\herre\PycharmProjects\TFG_INFO\data\finetuning_sonatas_raw\Haydn, Joseph, Keyboard Sonata in A-flat major, Hob.XVI_43, nLzBqZHKs-8.mid","Haydn, Joseph, Keyboard Sonata in A-flat major, Hob.XVI_43, nLzBqZHKs-8.mid","C:\Users\herre\PycharmProjects\TFG_INFO\data\finetuning_sonatas_clean\Haydn, Joseph, Keyboard Sonata in A-flat major, Hob.XVI_43, nLzBqZHKs-8.mid",1,1,TRIM_START+COMPRESS_GAPS,,cfa2180347251f4eee3c671f5645c730,39145,384,1,1,5752,5.615885416666666,692.2890625,5.58984375,0.1854900898664199,8.308668028393125,0.0,0.010083449235048678,10,0.0,0,ok,0,"C:\Users\herre\PycharmProjects\TFG_INFO\data\finetuning_sonatas_clean\Haydn, Joseph, Keyboard Sonata in A-flat major, Hob.XVI_43, nLzBqZHKs-8.mid"
"C:\Users\herre\PycharmProjects\TFG_INFO\data\finetuning_sonatas_raw\Haydn, Joseph, Keyboard Sonata in B minor, Hob.XVI_32, y_NnSQ-cv_o.mid","Haydn, Joseph, Keyboard Sonata in B minor, Hob.XVI_32, y_NnSQ-cv_o.mid","C:\Users\herre\PycharmProjects\TFG_INFO\data\finetuning_sonatas_clean\Haydn, Joseph, Keyboard Sonata in B minor, Hob.XVI_32, y_NnSQ-cv_o.mid",1,1,TRIM_START,,b92923899ec5f0bf4136a9194c839aaf,24147,384,1,1,3036,3.1158854166666665,403.52994791666663,0.9635416666666643,0.06722897864225534,7.523605164063231,0.0,0.0006587615283267457,14,0.0,0,ok,0,"C:\Users\herre\PycharmProjects\TFG_INFO\data\finetuning_sonatas_clean\Haydn, Joseph, Keyboard Sonata in B minor, Hob.XVI_32, y_NnSQ-cv_o.mid"
"C:\Users\herre\PycharmProjects\TFG_INFO\data\finetuning_sonatas_raw\Haydn, Joseph, Keyboard Sonata in B-flat major, Hob.XVI_18, vdCI72TEZCc.mid","Haydn, Joseph, Keyboard Sonata in B-flat major, Hob.XVI_18, vdCI72TEZCc.mid","C:\Users\herre\PycharmProjects\TFG_INFO\data\finetuning_sonatas_clean\Haydn, Joseph, Keyboard Sonata in B-flat major, Hob.XVI_18, vdCI72TEZCc.mid",1,1,TRIM_START,,f99e12c5b712a321eb0dd2bb52a92a58,53019,384,1,1,8540,6.032552083333333,928.12890625,2.50390625,0.09734526931003344,9.201308075302713,0.0,0.06381733021077284,10,0.0,0,ok,0,"C:\Users\herre\PycharmProjects\TFG_INFO\data\finetuning_sonatas_clean\Haydn, Joseph, Keyboard Sonata in B-flat major, Hob.XVI_18, vdCI72TEZCc.mid"
"C:\Users\herre\PycharmProjects\TFG_INFO\data\finetuning_sonatas_raw\Haydn, Joseph, Keyboard Sonata in B-flat major, Hob.XVI_41, MsgtE_J56K8.mid","Haydn, Joseph, Keyboard Sonata in B-flat major, Hob.XVI_41, MsgtE_J56K8.mid","C:\Users\herre\PycharmProjects\TFG_INFO\data\finetuning_sonatas_clean\Haydn, Joseph, Keyboard Sonata in B-flat major, Hob.XVI_41, MsgtE_J56K8.mid",1,1,TRIM_START+COMPRESS_GAPS,,2e86cd74c385cf76423f6f6eba0d405b,32210,384,1,1,4975,6.186197916666666,497.46875,5.791666666666629,0.09764537135917242,10.000628180162071,0.0,0.008844221105527638,12,0.0,0,ok,0,"C:\Users\herre\PycharmProjects\TFG_INFO\data\finetuning_sonatas_clean\Haydn, Joseph, Keyboard Sonata in B-flat major, Hob.XVI_41, MsgtE_J56K8.mid"
"C:\Users\herre\PycharmProjects\TFG_INFO\data\finetuning_sonatas_raw\Haydn, Joseph, Keyboard Sonata in C major, Hob.XVI_15, DSdeJH9JdtI.mid","Haydn, Joseph, Keyboard Sonata in C major, Hob.XVI_15, DSdeJH9JdtI.mid","C:\Users\herre\PycharmProjects\TFG_INFO\data\finetuning_sonatas_clean\Haydn, Joseph, Keyboard Sonata in C major, Hob.XVI_15, DSdeJH9JdtI.mid",1,1,COMPRESS_GAPS,,58a5e0a04064016a96b078e851ace834,21240,384,1,1,3268,0.6640625,562.5,5.614583333333329,0.14642361111111107,5.809777777777778,0.0,0.0030599755201958386,6,0.0,0,ok,0,"C:\Users\herre\PycharmProjects\TFG_INFO\data\finetuning_sonatas_clean\Haydn, Joseph, Keyboard Sonata in C major, Hob.XVI_15, DSdeJH9JdtI.mid"
"C:\Users\herre\PycharmProjects\TFG_INFO\data\finetuning_sonatas_raw\Haydn, Joseph, Keyboard Sonata in C major, Hob.XVI_21, dxQo5ihBQR8.mid","Haydn, Joseph, Keyboard Sonata in C major, Hob.XVI_21, dxQo5ihBQR8.mid","C:\Users\herre\PycharmProjects\TFG_INFO\data\finetuning_sonatas_clean\Haydn, Joseph, Keyboard Sonata in C major, Hob.XVI_21, dxQo5ihBQR8.mid",1,1,TRIM_START,,2979bf1ff53d424a81987bb3bd8af74f,56379,384,1,1,8622,6.333333333333333,1192.1588541666665,3.3658854166667425,0.13333544493205424,7.232257655819604,0.0,0.008930642542333566,18,0.0,1,polyphony_max=18,0,"C:\Users\herre\PycharmProjects\TFG_INFO\data\finetuning_sonatas_clean\Haydn, Joseph, Keyboard Sonata in C major, Hob.XVI_21, dxQo5ihBQR8.mid"
"C:\Users\herre\PycharmProjects\TFG_INFO\data\finetuning_sonatas_raw\Haydn, Joseph, Keyboard Sonata in C major, Hob.XVI_35, ml2YP8N8OaI.mid","Haydn, Joseph, Keyboard Sonata in C major, Hob.XVI_35, ml2YP8N8OaI.mid","C:\Users\herre\PycharmProjects\TFG_INFO\data\finetuning_sonatas_clean\Haydn, Joseph, Keyboard Sonata in C major, Hob.XVI_35, ml2YP8N8OaI.mid",1,1,TRIM_START+COMPRESS_GAPS,,e9308357a7180156964a3b9f93066f0e,38323,384,1,1,5649,8.62890625,629.19921875,7.455729166666686,0.1478151999586123,8.978078534844016,0.0,0.008674101610904586,10,0.0,0,ok,0,"C:\Users\herre\PycharmProjects\TFG_INFO\data\finetuning_sonatas_clean\Haydn, Joseph, Keyboard Sonata in C major, Hob.XVI_35, ml2YP8N8OaI.mid"
"C:\Users\herre\PycharmProjects\TFG_INFO\data\finetuning_sonatas_raw\Haydn, Joseph, Keyboard Sonata in C major, Hob.XVI_48, t8rAYotHrHk.mid","Haydn, Joseph, Keyboard Sonata in C major, Hob.XVI_48, t8rAYotHrHk.mid","C:\Users\herre\PycharmProjects\TFG_INFO\data\finetuning_sonatas_clean\Haydn, Joseph, Keyboard Sonata in C major, Hob.XVI_48, t8rAYotHrHk.mid",1,1,TRIM_START+COMPRESS_GAPS,,a8fd502bd3e5790aaa1a2e6f4c4853e6,33032,384,1,1,4929,56.58723958333333,739.75390625,7.671875,0.23516759338955345,6.663026661104569,0.0,0.0004057618178129438,12,0.0,0,ok,0,"C:\Users\herre\PycharmProjects\TFG_INFO\data\finetuning_sonatas_clean\Haydn, Joseph, Keyboard Sonata in C major, Hob.XVI_48, t8rAYotHrHk.mid"
"C:\Users\herre\PycharmProjects\TFG_INFO\data\finetuning_sonatas_raw\Haydn, Joseph, Keyboard Sonata in C major, Hob.XVI_50, j344jYmqtDw.mid","Haydn, Joseph, Keyboard Sonata in C major, Hob.XVI_50, j344jYmqtDw.mid","C:\Users\herre\PycharmProjects\TFG_INFO\data\finetuning_sonatas_clean\Haydn, Joseph, Keyboard Sonata in C major, Hob.XVI_50, j344jYmqtDw.mid",1,1,TRIM_START,,5021e8728cee2689d07c13e7efc22feb,46420,384,1,1,7072,13.305989583333332,703.3098958333333,2.703125,0.2249297406978175,10.055311381081273,0.0,0.0012726244343891403,20,0.0,1,polyphony_max=20,0,"C:\Users\herre\PycharmProjects\TFG_INFO\data\finetuning_sonatas_clean\Haydn, Joseph, Keyboard Sonata in C major, Hob.XVI_50, j344jYmqtDw.mid"
"C:\Users\herre\PycharmProjects\TFG_INFO\data\finetuning_sonatas_raw\Haydn, Joseph, Keyboard Sonata in C minor, Hob.XVI_20, hwOlGL5GJFU.mid","Haydn, Joseph, Keyboard Sonata in C minor, Hob.XVI_20, hwOlGL5GJFU.mid","C:\Users\herre\PycharmProjects\TFG_INFO\data\finetuning_sonatas_clean\Haydn, Joseph, Keyboard Sonata in C minor, Hob.XVI_20, hwOlGL5GJFU.mid",1,1,TRIM_START+COMPRESS_GAPS,,dd8573b55f294196c5e210f8a9bba217,77529,384,1,1,10511,1.12109375,1592.62890625,7.053385416666629,0.07732645267626936,6.599779747027934,0.0,0.0002854152792312815,16,0.0,1,polyphony_max=16,0,"C:\Users\herre\PycharmProjects\TFG_INFO\data\finetuning_sonatas_clean\Haydn, Joseph, Keyboard Sonata in C minor, Hob.XVI_20, hwOlGL5GJFU.mid"
"C:\Users\herre\PycharmProjects\TFG_INFO\data\finetuning_sonatas_raw\Haydn, Joseph, Keyboard Sonata in C-sharp minor, Hob.XVI_36, T4J_nREhQLE.mid","Haydn, Joseph, Keyboard Sonata in C-sharp minor, Hob.XVI_36, T4J_nREhQLE.mid","C:\Users\herre\PycharmProjects\TFG_INFO\data\finetuning_sonatas_clean\Haydn, Joseph, Keyboard Sonata in C-sharp minor, Hob.XVI_36, T4J_nREhQLE.mid",1,1,COMPRESS_GAPS,,5f1c9b48926173c40c283c0487a503a4,13093,384,1,1,1974,0.15755208333333331,269.5598958333333,37.475260416666664,0.40985016085247133,7.323047792022105,0.0,0.0025329280648429585,8,0.0,2,high_silence_ratio=0.41,0,"C:\Users\herre\PycharmProjects\TFG_INFO\data\finetuning_sonatas_clean\Haydn, Joseph, Keyboard Sonata in C-sharp minor, Hob.XVI_36, T4J_nREhQLE.mid"
"C:\Users\herre\PycharmProjects\TFG_INFO\data\finetuning_sonatas_raw\Haydn, Joseph, Keyboard Sonata in D major, Hob.XVI_24, k64Zrmgto3w.mid","Haydn, Joseph, Keyboard Sonata in D major, Hob.XVI_24, k64Zrmgto3w.mid","C:\Users\herre\PycharmProjects\TFG_INFO\data\finetuning_sonatas_clean\Haydn, Joseph, Keyboard Sonata in D major, Hob.XVI_24, k64Zrmgto3w.mid",1,1,TRIM_START+COMPRESS_GAPS,,23b4b606dcc74077b658b8b328b06567,51285,384,1,1,7643,6.576822916666666,828.8098958333333,4.255208333333314,0.12175464945657907,9.221656303120376,0.0,0.031139604867198745,12,0.0,0,ok,0,"C:\Users\herre\PycharmProjects\TFG_INFO\data\finetuning_sonatas_clean\Haydn, Joseph, Keyboard Sonata in D major, Hob.XVI_24, k64Zrmgto3w.mid"
"C:\Users\herre\PycharmProjects\TFG_INFO\data\finetuning_sonatas_raw\Haydn, Joseph, Keyboard Sonata in D major, Hob.XVI_33, 1OD6WWNv5kg.mid","Haydn, Joseph, Keyboard Sonata in D major, Hob.XVI_33, 1OD6WWNv5kg.mid","C:\Users\herre\PycharmProjects\TFG_INFO\data\finetuning_sonatas_clean\Haydn, Joseph, Keyboard Sonata in D major, Hob.XVI_33, 1OD6WWNv5kg.mid",1,1,TRIM_START+COMPRESS_GAPS,,e6b8732d36a3ca323a05b4a24755b1fd,25774,384,1,1,3861,4.114583333333333,585.5091145833333,11.497395833333314,0.20093579528144015,6.594261137587259,0.0,0.001295001295001295,10,0.0,0,ok,0,"C:\Users\herre\PycharmProjects\TFG_INFO\data\finetuning_sonatas_clean\Haydn, Joseph, Keyboard Sonata in D major, Hob.XVI_33, 1OD6WWNv5kg.mid"
"C:\Users\herre\PycharmProjects\TFG_INFO\data\finetuning_sonatas_raw\Haydn, Joseph, Keyboard Sonata in D major, Hob.XVI_37, 0FqCqwaoXVg.mid","Haydn, Joseph, Keyboard Sonata in D major, Hob.XVI_37, 0FqCqwaoXVg.mid","C:\Users\herre\PycharmProjects\TFG_INFO\data\finetuning_sonatas_clean\Haydn, Joseph, Keyboard Sonata in D major, Hob.XVI_37, 0FqCqwaoXVg.mid",1,1,KEEP,,40eb6149e09c663ffd022747249996fb,45081,384,1,1,7030,0.23828125,707.5,1.34375,0.2629380153121327,9.936395759717314,0.0,0.0021337126600284497,13,0.0,0,ok,0,"C:\Users\herre\PycharmProjects\TFG_INFO\data\finetuning_sonatas_clean\Haydn, Joseph, Keyboard Sonata in D major, Hob.XVI_37, 0FqCqwaoXVg.mid"
"C:\Users\herre\PycharmProjects\TFG_INFO\data\finetuning_sonatas_raw\Haydn, Joseph, Keyboard Sonata in D major, Hob.XVI_51, jmXWYUwIViE.mid","Haydn, Joseph, Keyboard Sonata in D major, Hob.XVI_51, jmXWYUwIViE.mid","C:\Users\herre\PycharmProjects\TFG_INFO\data\finetuning_sonatas_clean\Haydn, Joseph, Keyboard Sonata in D major, Hob.XVI_51, jmXWYUwIViE.mid",1,1,TRIM_START+COMPRESS_GAPS,,3d219b89b5637a414923149792584e33,20559,384,1,1,3186,2.829427083333333,354.9817708333333,6.864583333333343,0.07240321906201098,8.975108757051785,0.0,0.004080351537978657,9,0.0,0,ok,0,"C:\Users\herre\PycharmProjects\TFG_INFO\data\finetuning_sonatas_clean\Haydn, Joseph, Keyboard Sonata in D major, Hob.XVI_51, jmXWYUwIViE.mid"
"C:\Users\herre\PycharmProjects\TFG_INFO\data\finetuning_sonatas_raw\Haydn, Joseph, Keyboard Sonata in D major, Hob.XVI_deest, mCPak0t-MGU.mid","Haydn, Joseph, Keyboard Sonata in D major, Hob.XVI_deest, mCPak0t-MGU.mid","C:\Users\herre\PycharmProjects\TFG_INFO\data\finetuning_sonatas_clean\Haydn, Joseph, Keyboard Sonata in D major, Hob.XVI_deest, mCPak0t-MGU.mid",1,1,KEEP,,a1fd818fc4be4a72e2137f66ebef0da1,9298,384,1,1,1188,0.27734375,222.375,0.828125,0.013654674910998548,5.3423271500843175,0.0,0.0,9,0.0,2,tiny_file=9298B,0,"C:\Users\herre\PycharmProjects\TFG_INFO\data\finetuning_sonatas_clean\Haydn, Joseph, Keyboard Sonata in D major, Hob.XVI_deest, mCPak0t-MGU.mid"
"C:\Users\herre\PycharmProjects\TFG_INFO\data\finetuning_sonatas_raw\Haydn, Joseph, Keyboard Sonata in E major, Hob.XVI_22, SHtcN0PBuTY.mid","Haydn, Joseph, Keyboard Sonata in E major, Hob.XVI_22, SHtcN0PBuTY.mid","C:\Users\herre\PycharmProjects\TFG_INFO\data\finetuning_sonatas_clean\Haydn, Joseph, Keyboard Sonata in E major, Hob.XVI_22, SHtcN0PBuTY.mid",1,1,TRIM_START,,f9c4a33419b773c52f941331cb107fb2,53489,384,1,1,7631,6.321614583333333,994.2994791666666,3.5143229166666288,0.11075113079507819,7.674750072679939,0.0,0.03538199449613419,11,0.0,0,ok,0,"C:\Users\herre\PycharmProjects\TFG_INFO\data\finetuning_sonatas_clean\Haydn, Joseph, Keyboard Sonata in E major, Hob.XVI_22, SHtcN0PBuTY.mid"
"C:\Users\herre\PycharmProjects\TFG_INFO\data\finetuning_sonatas_raw\Haydn, Joseph, Keyboard Sonata in E major, Hob.XVI_31, 9cvLOGrH9Xk.mid","Haydn, Joseph, Keyboard Sonata in E major, Hob.XVI_31, 9cvLOGrH9Xk.mid","C:\Users\herre\PycharmProjects\TFG_INFO\data\finetuning_sonatas_clean\Haydn, Joseph, Keyboard Sonata in E major, Hob.XVI_31, 9cvLOGrH9Xk.mid",1,1,TRIM_START+COMPRESS_GAPS,,423e0af61f1865e814542edd51ec06d0,29124,384,1,1,4277,2.35546875,557.8098958333333,6.118489583333314,0.10920452476435413,7.667486776315483,0.0,0.006312836100070143,17,0.0,1,polyphony_max=17,0,"C:\Users\herre\PycharmProjects\TFG_INFO\data\finetuning_sonatas_clean\Haydn, Joseph, Keyboard Sonata in E major, Hob.XVI_31, 9cvLOGrH9Xk.mid"
"C:\Users\herre\PycharmProjects\TFG_INFO\data\finetuning_sonatas_raw\Haydn, Joseph, Keyboard Sonata in E minor, Hob.XVI_34, 3TTbrU8bFdM.mid","Haydn, Joseph, Keyboard Sonata in E minor, Hob.XVI_34, 3TTbrU8bFdM.mid","C:\Users\herre\PycharmProjects\TFG_INFO\data\finetuning_sonatas_clean\Haydn, Joseph, Keyboard Sonata in E minor, Hob.XVI_34, 3TTbrU8bFdM.mid",1,1,KEEP,,dc0444a515e34b45f706b1672e6aebc4,47479,384,1,1,7092,0.18489583333333331,829.5546875,2.5,0.15683615393550024,8.549165120593692,0.0,0.0014100394811054709,17,0.0,1,polyphony_max=17,0,"C:\Users\herre\PycharmProjects\TFG_INFO\data\finetuning_sonatas_clean\Haydn, Joseph, Keyboard Sonata in E minor, Hob.XVI_34, 3TTbrU8bFdM.mid"
"C:\Users\herre\PycharmProjects\TFG_INFO\data\finetuning_sonatas_raw\Haydn, Joseph, Keyboard Sonata in E-flat major, Hob.XVI_25, -vtGh7EFcqQ.mid","Haydn, Joseph, Keyboard Sonata in E-flat major, Hob.XVI_25, -vtGh7EFcqQ.mid","C:\Users\herre\PycharmProjects\TFG_INFO\data\finetuning_sonatas_clean\Haydn, Joseph, Keyboard Sonata in E-flat major, Hob.XVI_25, -vtGh7EFcqQ.mid",1,1,TRIM_START,,9f535023db1c06dec854053507580c52,21093,384,1,1,2945,7.684895833333333,343.89322916666663,1.4309895833333428,0.1678164401196461,8.563704517057287,0.0,0.0030560271646859084,10,0.0,0,ok,0,"C:\Users\herre\PycharmProjects\TFG_INFO\data\finetuning_sonatas_clean\Haydn, Joseph, Keyboard Sonata in E-flat major, Hob.XVI_25, -vtGh7EFcqQ.mid"
"C:\Users\herre\PycharmProjects\TFG_INFO\data\finetuning_sonatas_raw\Haydn, Joseph, Keyboard Sonata in E-flat major, Hob.XVI_38, aqWZjCBfGVg.mid","Haydn, Joseph, Keyboard Sonata in E-flat major, Hob.XVI_38, aqWZjCBfGVg.mid","C:\Users\herre\PycharmProjects\TFG_INFO\data\finetuning_sonatas_clean\Haydn, Joseph, Keyboard Sonata in E-flat major, Hob.XVI_38, aqWZjCBfGVg.mid",1,1,KEEP,,f9188c5c23066254cc0e2ff865ef5dae,7569,384,1,1,1156,0.07421875,146.65625,0.6171875,0.17321010014915772,7.882378009801832,0.0,0.0,7,0.0,2,tiny_file=7569B,0,"C:\Users\herre\PycharmProjects\TFG_INFO\data\finetuning_sonatas_clean\Haydn, Joseph, Keyboard Sonata in E-flat major, Hob.XVI_38, aqWZjCBfGVg.mid"
"C:\Users\herre\PycharmProjects\TFG_INFO\data\finetuning_sonatas_raw\Haydn, Joseph, Keyboard Sonata in E-flat major, Hob.XVI_49, mWF-48jIrSU.mid","Haydn, Joseph, Keyboard Sonata in E-flat major, Hob.XVI_49, mWF-48jIrSU.mid","C:\Users\herre\PycharmProjects\TFG_INFO\data\finetuning_sonatas_clean\Haydn, Joseph, Keyboard Sonata in E-flat major, Hob.XVI_49, mWF-48jIrSU.mid",1,1,TRIM_START+COMPRESS_GAPS,,0dfc409b24dd0941b4cc8fd3e17d1978,55797,384,1,1,7456,17.295572916666664,1292.1940104166665,9.7578125,0.12226459963422036,5.77003138839486,0.0,0.0009388412017167382,19,0.0,1,polyphony_max=19,0,"C:\Users\herre\PycharmProjects\TFG_INFO\data\finetuning_sonatas_clean\Haydn, Joseph, Keyboard Sonata in E-flat major, Hob.XVI_49, mWF-48jIrSU.mid"
"C:\Users\herre\PycharmProjects\TFG_INFO\data\finetuning_sonatas_raw\Haydn, Joseph, Keyboard Sonata in E-flat major, Hob.XVI_52, Tug4GfiN3II.mid","Haydn, Joseph, Keyboard Sonata in E-flat major, Hob.XVI_52, Tug4GfiN3II.mid","C:\Users\herre\PycharmProjects\TFG_INFO\data\finetuning_sonatas_clean\Haydn, Joseph, Keyboard Sonata in E-flat major, Hob.XVI_52, Tug4GfiN3II.mid",1,1,COMPRESS_GAPS,,33fef094d84f64ccbb50e3143cc54a37,49700,384,1,1,7306,0.8138020833333333,1031.3893229166665,7.162760416666629,0.14918565294840183,7.083649052463873,0.0,0.002053107035313441,18,0.0,1,polyphony_max=18,0,"C:\Users\herre\PycharmProjects\TFG_INFO\data\finetuning_sonatas_clean\Haydn, Joseph, Keyboard Sonata in E-flat major, Hob.XVI_52, Tug4GfiN3II.mid"
"C:\Users\herre\PycharmProjects\TFG_INFO\data\finetuning_sonatas_raw\Haydn, Joseph, Keyboard Sonata in F major, Hob.XVI_23, Jyfu30U2E9k.mid","Haydn, Joseph, Keyboard Sonata in F major, Hob.XVI_23, Jyfu30U2E9k.mid","C:\Users\herre\PycharmProjects\TFG_INFO\data\finetuning_sonatas_clean\Haydn, Joseph, Keyboard Sonata in F major, Hob.XVI_23, Jyfu30U2E9k.mid",1,1,TRIM_START+COMPRESS_GAPS,,df35d18096e67baff9c566ce71528d3b,39746,384,1,1,6020,5.471354166666666,834.3190104166666,5.424479166666629,0.12833414227234463,7.21546545726383,0.0,0.0009966777408637873,10,0.0,0,ok,0,"C:\Users\herre\PycharmProjects\TFG_INFO\data\finetuning_sonatas_clean\Haydn, Joseph, Keyboard Sonata in F major, Hob.XVI_23, Jyfu30U2E9k.mid"
"C:\Users\herre\PycharmProjects\TFG_INFO\data\finetuning_sonatas_raw\Haydn, Joseph, Keyboard Sonata in F major, Hob.XVI_29, M_7iq42OrJM.mid","Haydn, Joseph, Keyboard Sonata in F major, Hob.XVI_29, M_7iq42OrJM.mid","C:\Users\herre\PycharmProjects\TFG_INFO\data\finetuning_sonatas_clean\Haydn, Joseph, Keyboard Sonata in F major, Hob.XVI_29, M_7iq42OrJM.mid",1,1,TRIM_START+SPLIT,,a8215c76aebe6f85a957c4ec1492d2f6,41535,384,1,1,5629,2.1940104166666665,779.7395833333333,15.975260416666686,0.15088003473382025,7.219076881971813,0.0,0.003375377509326701,11,0.0,0,ok,0,"C:\Users\herre\PycharmProjects\TFG_INFO\data\finetuning_sonatas_clean\Haydn, Joseph, Keyboard Sonata in F major, Hob.XVI_29, M_7iq42OrJM.mid"
"C:\Users\herre\PycharmProjects\TFG_INFO\data\finetuning_sonatas_raw\Haydn, Joseph, Keyboard Sonata in F major, Hob.XVI_29, M_7iq42OrJM.mid","Haydn, Joseph, Keyboard Sonata in F major, Hob.XVI_29, M_7iq42OrJM.mid","C:\Users\herre\PycharmProjects\TFG_INFO\data\finetuning_sonatas_clean\Haydn, Joseph, Keyboard Sonata in F major, Hob.XVI_29, M_7iq42OrJM.part2.mid",2,1,TRIM_START+SPLIT,,a8215c76aebe6f85a957c4ec1492d2f6,41535,384,1,1,5629,2.1940104166666665,779.7395833333333,15.975260416666686,0.15088003473382025,7.219076881971813,0.0,0.003375377509326701,11,0.0,0,ok,0,"C:\Users\herre\PycharmProjects\TFG_INFO\data\finetuning_sonatas_clean\Haydn, Joseph, Keyboard Sonata in F major, Hob.XVI_29, M_7iq42OrJM.part2.mid"
"C:\Users\herre\PycharmProjects\TFG_INFO\data\finetuning_sonatas_raw\Haydn, Joseph, Keyboard Sonata in F major, Hob.XVI_47, 3Cfo4xXuKCI.mid","Haydn, Joseph, Keyboard Sonata in F major, Hob.XVI_47, 3Cfo4xXuKCI.mid","C:\Users\herre\PycharmProjects\TFG_INFO\data\finetuning_sonatas_clean\Haydn, Joseph, Keyboard Sonata in F major, Hob.XVI_47, 3Cfo4xXuKCI.mid",1,1,KEEP,,5e97fccd8f7be13a48d123a886954d09,42137,384,1,1,6048,0.43229166666666663,779.6783854166666,2.3528645833333712,0.13648289141656628,7.757044588029586,0.0,0.000992063492063492,11,0.0,0,ok,0,"C:\Users\herre\PycharmProjects\TFG_INFO\data\finetuning_sonatas_clean\Haydn, Joseph, Keyboard Sonata in F major, Hob.XVI_47, 3Cfo4xXuKCI.mid"
"C:\Users\herre\PycharmProjects\TFG_INFO\data\finetuning_sonatas_raw\Haydn, Joseph, Keyboard Sonata in G major, Hob.XVI_27, eQDeUZwaOt0.mid","Haydn, Joseph, Keyboard Sonata in G major, Hob.XVI_27, eQDeUZwaOt0.mid","C:\Users\herre\PycharmProjects\TFG_INFO\data\finetuning_sonatas_clean\Haydn, Joseph, Keyboard Sonata in G major, Hob.XVI_27, eQDeUZwaOt0.mid",1,1,TRIM_START,,26318160a56a63a4091d4d2e897247b3,43253,384,1,1,6156,8.763020833333332,847.25,3.1145833333333144,0.1300746287006995,7.265860135733255,0.0,0.007959714100064977,9,0.0,0,ok,0,"C:\Users\herre\PycharmProjects\TFG_INFO\data\finetuning_sonatas_clean\Haydn, Joseph, Keyboard Sonata in G major, Hob.XVI_27, eQDeUZwaOt0.mid"
"C:\Users\herre\PycharmProjects\TFG_INFO\data\finetuning_sonatas_raw\Haydn, Joseph, Keyboard Sonata in G major, Hob.XVI_39, 2yrd2TLPDyA.mid","Haydn, Joseph, Keyboard Sonata in G major, Hob.XVI_39, 2yrd2TLPDyA.mid","C:\Users\herre\PycharmProjects\TFG_INFO\data\finetuning_sonatas_clean\Haydn, Joseph, Keyboard Sonata in G major, Hob.XVI_39, 2yrd2TLPDyA.mid",1,1,TRIM_START+SPLIT,,4f87e8d634aee77c1832cbfffadde606,42673,384,1,1,6283,8.7734375,846.0247395833333,15.640625,0.13973438892368767,7.426496774898538,0.0,0.0036606716536686295,19,0.0,1,polyphony_max=19,0,"C:\Users\herre\PycharmProjects\TFG_INFO\data\finetuning_sonatas_clean\Haydn, Joseph, Keyboard Sonata in G major, Hob.XVI_39, 2yrd2TLPDyA.mid"
"C:\Users\herre\PycharmProjects\TFG_INFO\data\finetuning_sonatas_raw\Haydn, Joseph, Keyboard Sonata in G major, Hob.XVI_39, 2yrd2TLPDyA.mid","Haydn, Joseph, Keyboard Sonata in G major, Hob.XVI_39, 2yrd2TLPDyA.mid","C:\Users\herre\PycharmProjects\TFG_INFO\data\finetuning_sonatas_clean\Haydn, Joseph, Keyboard Sonata in G major, Hob.XVI_39, 2yrd2TLPDyA.part2.mid",2,1,TRIM_START+SPLIT+COMPRESS_GAPS,,4f87e8d634aee77c1832cbfffadde606,42673,384,1,1,6283,8.7734375,846.0247395833333,15.640625,0.13973438892368767,7.426496774898538,0.0,0.0036606716536686295,19,0.0,1,polyphony_max=19,0,"C:\Users\herre\PycharmProjects\TFG_INFO\data\finetuning_sonatas_clean\Haydn, Joseph, Keyboard Sonata in G major, Hob.XVI_39, 2yrd2TLPDyA.part2.mid"
"C:\Users\herre\PycharmProjects\TFG_INFO\data\finetuning_sonatas_raw\Haydn, Joseph, Keyboard Sonata in G major, Hob.XVI_40, gFDNh1-7YUw.mid","Haydn, Joseph, Keyboard Sonata in G major, Hob.XVI_40, gFDNh1-7YUw.mid","C:\Users\herre\PycharmProjects\TFG_INFO\data\finetuning_sonatas_clean\Haydn, Joseph, Keyboard Sonata in G major, Hob.XVI_40, gFDNh1-7YUw.mid",1,1,TRIM_START,,a3ea39f6fef1b7b6756bba93fc81329a,20864,384,1,1,3120,7.321614583333333,380.328125,2.385416666666657,0.26554647165961226,8.203442750914096,0.0,0.001282051282051282,12,0.0,0,ok,0,"C:\Users\herre\PycharmProjects\TFG_INFO\data\finetuning_sonatas_clean\Haydn, Joseph, Keyboard Sonata in G major, Hob.XVI_40, gFDNh1-7YUw.mid"
"C:\Users\herre\PycharmProjects\TFG_INFO\data\finetuning_sonatas_raw\Haydn, Joseph, Keyboard Sonata in G major, Hob.XVI_G1, avd45BMdnBQ.mid","Haydn, Joseph, Keyboard Sonata in G major, Hob.XVI_G1, avd45BMdnBQ.mid","C:\Users\herre\PycharmProjects\TFG_INFO\data\finetuning_sonatas_clean\Haydn, Joseph, Keyboard Sonata in G major, Hob.XVI_G1, avd45BMdnBQ.mid",1,1,TRIM_START,,ed9577716f4971585d009b457daa2da6,10320,384,1,1,1641,7.0859375,222.5,0.3203125,0.08002106741573055,7.3752808988764045,0.0,0.002437538086532602,6,0.0,0,ok,0,"C:\Users\herre\PycharmProjects\TFG_INFO\data\finetuning_sonatas_clean\Haydn, Joseph, Keyboard Sonata in G major, Hob.XVI_G1, avd45BMdnBQ.mid"
"C:\Users\herre\PycharmProjects\TFG_INFO\data\finetuning_sonatas_raw\Haydn, Joseph, Keyboard Sonata in G minor, Hob.XVI_44, J0evvmS-Pj0.mid","Haydn, Joseph, Keyboard Sonata in G minor, Hob.XVI_44, J0evvmS-Pj0.mid","C:\Users\herre\PycharmProjects\TFG_INFO\data\finetuning_sonatas_clean\Haydn, Joseph, Keyboard Sonata in G minor, Hob.XVI_44, J0evvmS-Pj0.mid",1,1,KEEP,,83ef00e75d8fa70dece237aa9721567d,33936,384,1,1,4593,0.32291666666666663,760.1393229166666,3.078125,0.12052512303288691,6.042313377995742,0.0,0.0006531678641410843,13,0.0,0,ok,0,"C:\Users\herre\PycharmProjects\TFG_INFO\data\finetuning_sonatas_clean\Haydn, Joseph, Keyboard Sonata in G minor, Hob.XVI_44, J0evvmS-Pj0.mid"
"C:\Users\herre\PycharmProjects\TFG_INFO\data\finetuning_sonatas_raw\Kozeluch, Leopold, Piano Sonata, Op.38 No.1, 83zpGfmUxZc.mid","Kozeluch, Leopold, Piano Sonata, Op.38 No.1, 83zpGfmUxZc.mid","C:\Users\herre\PycharmProjects\TFG_INFO\data\finetuning_sonatas_clean\Kozeluch, Leopold, Piano Sonata, Op.38 No.1, 83zpGfmUxZc.mid",1,1,KEEP,,8259d1f2bbedcecd6469f31572cd0b79,8000,384,1,1,908,0.1796875,222.98958333333331,0.97265625,0.045761900312982,4.071939085345916,0.0,0.0022026431718061676,11,0.0,2,tiny_file=8000B,0,"C:\Users\herre\PycharmProjects\TFG_INFO\data\finetuning_sonatas_clean\Kozeluch, Leopold, Piano Sonata, Op.38 No.1, 83zpGfmUxZc.mid"
"C:\Users\herre\PycharmProjects\TFG_INFO\data\finetuning_sonatas_raw\Kozeluch, Leopold, Piano Sonata, Op.38 No.2, I2gY1gO1KV8.mid","Kozeluch, Leopold, Piano Sonata, Op.38 No.2, I2gY1gO1KV8.mid","C:\Users\herre\PycharmProjects\TFG_INFO\data\finetuning_sonatas_clean\Kozeluch, Leopold, Piano Sonata, Op.38 No.2, I2gY1gO1KV8.mid",1,1,KEEP,,5546eab9651dfec1d0871a17f3a5e377,21204,384,1,1,3004,0.27213541666666663,320.109375,0.9869791666666714,0.09589821187419671,9.38429247815688,0.0,0.0006657789613848203,13,0.0,0,ok,0,"C:\Users\herre\PycharmProjects\TFG_INFO\data\finetuning_sonatas_clean\Kozeluch, Leopold, Piano Sonata, Op.38 No.2, I2gY1gO1KV8.mid"
"C:\Users\herre\PycharmProjects\TFG_INFO\data\finetuning_sonatas_raw\Mozart, Leopold, Piano Sonata in C major, -rK1JhHEIuc.mid","Mozart, Leopold, Piano Sonata in C major, -rK1JhHEIuc.mid","C:\Users\herre\PycharmProjects\TFG_INFO\data\finetuning_sonatas_clean\Mozart, Leopold, Piano Sonata in C major, -rK1JhHEIuc.mid",1,1,TRIM_START,,97a1211af67987cac99c4fc874c18dba,39076,384,1,1,5419,2.1119791666666665,675.9192708333333,2.30859375,0.053896506686495385,8.017229621695762,0.0,0.0014762871378483115,13,0.0,0,ok,0,"C:\Users\herre\PycharmProjects\TFG_INFO\data\finetuning_sonatas_clean\Mozart, Leopold, Piano Sonata in C major, -rK1JhHEIuc.mid"
"C:\Users\herre\PycharmProjects\TFG_INFO\data\finetuning_sonatas_raw\Mozart, Leopold, Piano Sonata in F major, kzgSCu1KcKs.mid","Mozart, Leopold, Piano Sonata in F major, kzgSCu1KcKs.mid","C:\Users\herre\PycharmProjects\TFG_INFO\data\finetuning_sonatas_clean\Mozart, Leopold, Piano Sonata in F major, kzgSCu1KcKs.mid",1,1,TRIM_START,,1d13ba3eb4dc2058f83ce8f92f9ab0e5,27812,384,1,1,4226,1.3528645833333333,589.4791666666666,1.7421875,0.16857660364022004,7.169040466513518,0.0,0.02626597255087553,10,0.0,0,ok,0,"C:\Users\herre\PycharmProjects\TFG_INFO\data\finetuning_sonatas_clean\Mozart, Leopold, Piano Sonata in F major, kzgSCu1KcKs.mid"
"C:\Users\herre\PycharmProjects\TFG_INFO\data\finetuning_sonatas_raw\Mozart, Wolfgang Amadeus, Piano Sonata in B-flat major, K.498a, ExBZgS0fQ9I.mid","Mozart, Wolfgang Amadeus, Piano Sonata in B-flat major, K.498a, ExBZgS0fQ9I.mid","C:\Users\herre\PycharmProjects\TFG_INFO\data\finetuning_sonatas_clean\Mozart, Wolfgang Amadeus, Piano Sonata in B-flat major, K.498a, ExBZgS0fQ9I.mid",1,1,TRIM_START+COMPRESS_GAPS,,ffc82645d4038b13cdcd14d986b5401b,72145,384,1,1,10447,2.013020833333333,1271.703125,7.744791666666629,0.13345476661465178,8.214967624617577,0.0,0.006700488178424428,10,0.0,0,ok,0,"C:\Users\herre\PycharmProjects\TFG_INFO\data\finetuning_sonatas_clean\Mozart, Wolfgang Amadeus, Piano Sonata in B-flat major, K.498a, ExBZgS0fQ9I.mid"
"C:\Users\herre\PycharmProjects\TFG_INFO\data\finetuning_sonatas_raw\Mozart, Wolfgang Amadeus, Piano Sonata in F major, K.Anh.135_547a, ePsbF5NJrcI.mid","Mozart, Wolfgang Amadeus, Piano Sonata in F major, K.Anh.135_547a, ePsbF5NJrcI.mid","C:\Users\herre\PycharmProjects\TFG_INFO\data\finetuning_sonatas_clean\Mozart, Wolfgang Amadeus, Piano Sonata in F major, K.Anh.135_547a, ePsbF5NJrcI.mid",1,1,TRIM_START+COMPRESS_GAPS,,8a11c35e40c5ed1ef8c423f075eb21a2,31553,384,1,1,4634,27.64453125,447.83463541666663,7.141927083333371,0.18558631377258117,10.347569467664137,0.0,0.0043159257660768235,11,0.0,0,ok,0,"C:\Users\herre\PycharmProjects\TFG_INFO\data\finetuning_sonatas_clean\Mozart, Wolfgang Amadeus, Piano Sonata in F major, K.Anh.135_547a, ePsbF5NJrcI.mid"
"C:\Users\herre\PycharmProjects\TFG_INFO\data\finetuning_sonatas_raw\Mozart, Wolfgang Amadeus, Piano Sonata No.1 in C major, K.279_189d, ZixdOZh7zo4.mid","Mozart, Wolfgang Amadeus, Piano Sonata No.1 in C major, K.279_189d, ZixdOZh7zo4.mid","C:\Users\herre\PycharmProjects\TFG_INFO\data\finetuning_sonatas_clean\Mozart, Wolfgang Amadeus, Piano Sonata No.1 in C major, K.279_189d, ZixdOZh7zo4.mid",1,1,TRIM_START+COMPRESS_GAPS,,42b3244e111baf0cc8ca6c29dd3c3338,47595,384,1,1,6976,6.658854166666666,829.1119791666666,7.337239583333314,0.24645940844088218,8.413821263337093,0.0,0.0599197247706422,8,0.0,0,ok,0,"C:\Users\herre\PycharmProjects\TFG_INFO\data\finetuning_sonatas_clean\Mozart, Wolfgang Amadeus, Piano Sonata No.1 in C major, K.279_189d, ZixdOZh7zo4.mid"
"C:\Users\herre\PycharmProjects\TFG_INFO\data\finetuning_sonatas_raw\Mozart, Wolfgang Amadeus, Piano Sonata No.11 in A major, K.331_300i, vp_h649sZ9A.mid","Mozart, Wolfgang Amadeus, Piano Sonata No.11 in A major, K.331_300i, vp_h649sZ9A.mid","C:\Users\herre\PycharmProjects\TFG_INFO\data\finetuning_sonatas_clean\Mozart, Wolfgang Amadeus, Piano Sonata No.11 in A major, K.331_300i, vp_h649sZ9A.mid",1,1,TRIM_START+COMPRESS_GAPS,,b4b8ea6a29da8fb813189e9478d04c29,52362,384,1,1,7697,4.361979166666666,808.0247395833333,4.748697916666629,0.12050508973303341,9.52569843835356,0.0,0.0027283357152137195,12,0.0,0,ok,0,"C:\Users\herre\PycharmProjects\TFG_INFO\data\finetuning_sonatas_clean\Mozart, Wolfgang Amadeus, Piano Sonata No.11 in A major, K.331_300i, vp_h649sZ9A.mid"
"C:\Users\herre\PycharmProjects\TFG_INFO\data\finetuning_sonatas_raw\Mozart, Wolfgang Amadeus, Piano Sonata No.13 in B-flat major, K.333_315c, 9vLnY5whOO0.mid","Mozart, Wolfgang Amadeus, Piano Sonata No.13 in B-flat major, K.333_315c, 9vLnY5whOO0.mid","C:\Users\herre\PycharmProjects\TFG_INFO\data\finetuning_sonatas_clean\Mozart, Wolfgang Amadeus, Piano Sonata No.13 in B-flat major, K.333_315c, 9vLnY5whOO0.mid",1,1,TRIM_START,,d7f838ff7fc2d57954a2afeb6c481c1f,23565,384,1,1,3390,3.063802083333333,374.45572916666663,1.1770833333333712,0.11312599536827848,9.05313962626312,0.0,0.002654867256637168,21,0.0,1,polyphony_max=21,0,"C:\Users\herre\PycharmProjects\TFG_INFO\data\finetuning_sonatas_clean\Mozart, Wolfgang Amadeus, Piano Sonata No.13 in B-flat major, K.333_315c, 9vLnY5whOO0.mid"
"C:\Users\herre\PycharmProjects\TFG_INFO\data\finetuning_sonatas_raw\Mozart, Wolfgang Amadeus, Piano Sonata No.14 in C minor, K.457, CKtxbloW-ZQ.mid","Mozart, Wolfgang Amadeus, Piano Sonata No.14 in C minor, K.457, CKtxbloW-ZQ.mid","C:\Users\herre\PycharmProjects\TFG_INFO\data\finetuning_sonatas_clean\Mozart, Wolfgang Amadeus, Piano Sonata No.14 in C minor, K.457, CKtxbloW-ZQ.mid",1,1,TRIM_START+COMPRESS_GAPS,,e40841aaa3f630275636ab08d252726b,74755,384,1,1,10952,6.352864583333333,1061.8294270833333,8.436197916666686,0.15613285345530584,10.31427432754741,0.0,0.0339663988312637,17,0.0,1,polyphony_max=17,0,"C:\Users\herre\PycharmProjects\TFG_INFO\data\finetuning_sonatas_clean\Mozart, Wolfgang Amadeus, Piano Sonata No.14 in C minor, K.457, CKtxbloW-ZQ.mid"
"C:\Users\herre\PycharmProjects\TFG_INFO\data\finetuning_sonatas_raw\Mozart, Wolfgang Amadeus, Piano Sonata No.15 in F major, K.533_494, tk9fa1CTY9k.mid","Mozart, Wolfgang Amadeus, Piano Sonata No.15 in F major, K.533_494, tk9fa1CTY9k.mid","C:\Users\herre\PycharmProjects\TFG_INFO\data\finetuning_sonatas_clean\Mozart, Wolfgang Amadeus, Piano Sonata No.15 in F major, K.533_494, tk9fa1CTY9k.mid",1,1,TRIM_START+COMPRESS_GAPS,,fc89ac62f75ec00318bdaa9127c80a9c,90581,384,1,1,13231,7.475260416666666,1389.62890625,6.53515625,0.09326999208234267,9.521246960603804,0.0,0.026755347290454236,15,0.0,1,polyphony_max=15,0,"C:\Users\herre\PycharmProjects\TFG_INFO\data\finetuning_sonatas_clean\Mozart, Wolfgang Amadeus, Piano Sonata No.15 in F major, K.533_494, tk9fa1CTY9k.mid"
"C:\Users\herre\PycharmProjects\TFG_INFO\data\finetuning_sonatas_raw\Mozart, Wolfgang Amadeus, Piano Sonata No.16 in C major, K.545, qjk-YRuQZDE.mid","Mozart, Wolfgang Amadeus, Piano Sonata No.16 in C major, K.545, qjk-YRuQZDE.mid","C:\Users\herre\PycharmProjects\TFG_INFO\data\finetuning_sonatas_clean\Mozart, Wolfgang Amadeus, Piano Sonata No.16 in C major, K.545, qjk-YRuQZDE.mid",1,1,TRIM_START+COMPRESS_GAPS,,d84fb25c2440551c3eae94b8d54b04f6,19480,384,1,1,2898,5.09765625,319.58984375,6.567708333333314,0.0872048727820893,9.067872639491537,0.0,0.0006901311249137336,13,0.0,0,ok,0,"C:\Users\herre\PycharmProjects\TFG_INFO\data\finetuning_sonatas_clean\Mozart, Wolfgang Amadeus, Piano Sonata No.16 in C major, K.545, qjk-YRuQZDE.mid"
"C:\Users\herre\PycharmProjects\TFG_INFO\data\finetuning_sonatas_raw\Mozart, Wolfgang Amadeus, Piano Sonata No.17 in B-flat major, K.570, kVwEkgQ3dPs.mid","Mozart, Wolfgang Amadeus, Piano Sonata No.17 in B-flat major, K.570, kVwEkgQ3dPs.mid","C:\Users\herre\PycharmProjects\TFG_INFO\data\finetuning_sonatas_clean\Mozart, Wolfgang Amadeus, Piano Sonata No.17 in B-flat major, K.570, kVwEkgQ3dPs.mid",1,1,TRIM_START+COMPRESS_GAPS,,108b07bbbe492caa34d7d55fcd843cf6,64691,384,1,1,9446,7.674479166666666,1090.203125,5.736979166666686,0.11333299891553106,8.6644403995815,0.0,0.012068600465805632,11,0.0,0,ok,0,"C:\Users\herre\PycharmProjects\TFG_INFO\data\finetuning_sonatas_clean\Mozart, Wolfgang Amadeus, Piano Sonata No.17 in B-flat major, K.570, kVwEkgQ3dPs.mid"
"C:\Users\herre\PycharmProjects\TFG_INFO\data\finetuning_sonatas_raw\Mozart, Wolfgang Amadeus, Piano Sonata No.18 in D major, K.576, TfCzqcW0LqE.mid","Mozart, Wolfgang Amadeus, Piano Sonata No.18 in D major, K.576, TfCzqcW0LqE.mid","C:\Users\herre\PycharmProjects\TFG_INFO\data\finetuning_sonatas_clean\Mozart, Wolfgang Amadeus, Piano Sonata No.18 in D major, K.576, TfCzqcW0LqE.mid",1,1,COMPRESS_GAPS,,868a783f8645056dd6616b23b58579dd,47627,384,1,1,6808,0.045572916666666664,847.21875,10.4765625,0.14969477333923525,8.035705064365018,0.0,0.0005875440658049354,15,0.0,1,polyphony_max=15,0,"C:\Users\herre\PycharmProjects\TFG_INFO\data\finetuning_sonatas_clean\Mozart, Wolfgang Amadeus, Piano Sonata No.18 in D major, K.576, TfCzqcW0LqE.mid"
"C:\Users\herre\PycharmProjects\TFG_INFO\data\finetuning_sonatas_raw\Mozart, Wolfgang Amadeus, Piano Sonata No.2 in F major, K.280_189e, J9866zX07iw.mid","Mozart, Wolfgang Amadeus, Piano Sonata No.2 in F major, K.280_189e, J9866zX07iw.mid","C:\Users\herre\PycharmProjects\TFG_INFO\data\finetuning_sonatas_clean\Mozart, Wolfgang Amadeus, Piano Sonata No.2 in F major, K.280_189e, J9866zX07iw.mid",1,1,TRIM_START+COMPRESS_GAPS,,f38fa0102ea6c1a44d31190c4339ca7d,54702,384,1,1,7973,6.704427083333333,839.6848958333333,4.53515625,0.18734706409584273,9.49522855485844,0.0,0.03624733475479744,10,0.0,0,ok,0,"C:\Users\herre\PycharmProjects\TFG_INFO\data\finetuning_sonatas_clean\Mozart, Wolfgang Amadeus, Piano Sonata No.2 in F major, K.280_189e, J9866zX07iw.mid"
"C:\Users\herre\PycharmProjects\TFG_INFO\data\finetuning_sonatas_raw\Mozart, Wolfgang Amadeus, Piano Sonata No.20 in C minor, 8ZyxKd_18G4.mid","Mozart, Wolfgang Amadeus, Piano Sonata No.20 in C minor, 8ZyxKd_18G4.mid","C:\Users\herre\PycharmProjects\TFG_INFO\data\finetuning_sonatas_clean\Mozart, Wolfgang Amadeus, Piano Sonata No.20 in C minor, 8ZyxKd_18G4.mid",1,1,KEEP,,66402923b4794288d2b231f78d27a078,30657,384,1,1,4276,0.8528645833333333,526.69140625,2.6666666666666288,0.13033653976894863,8.118605979248404,0.0,0.002104770813844715,14,0.0,0,ok,0,"C:\Users\herre\PycharmProjects\TFG_INFO\data\finetuning_sonatas_clean\Mozart, Wolfgang Amadeus, Piano Sonata No.20 in C minor, 8ZyxKd_18G4.mid"
"C:\Users\herre\PycharmProjects\TFG_INFO\data\finetuning_sonatas_raw\Mozart, Wolfgang Amadeus, Piano Sonata No.3 in B-flat major, K.281_189f, -QFbj1id5fE.mid","Mozart, Wolfgang Amadeus, Piano Sonata No.3 in B-flat major, K.281_189f, -QFbj1id5fE.mid","C:\Users\herre\PycharmProjects\TFG_INFO\data\finetuning_sonatas_clean\Mozart, Wolfgang Amadeus, Piano Sonata No.3 in B-flat major, K.281_189f, -QFbj1id5fE.mid",1,1,TRIM_START,,7eb0eaca2a4906e5dce64ebe36c02a2d,18127,384,1,1,2783,1.0247395833333333,263.27994791666663,1.3854166666666714,0.17689998466856946,10.570497381292688,0.0,0.0007186489399928135,11,0.0,0,ok,0,"C:\Users\herre\PycharmProjects\TFG_INFO\data\finetuning_sonatas_clean\Mozart, Wolfgang Amadeus, Piano Sonata No.3 in B-flat major, K.281_189f, -QFbj1id5fE.mid"
"C:\Users\herre\PycharmProjects\TFG_INFO\data\finetuning_sonatas_raw\Mozart, Wolfgang Amadeus, Piano Sonata No.4 in E-flat major, K.282_189g, -GWwHu5MJP4.mid","Mozart, Wolfgang Amadeus, Piano Sonata No.4 in E-flat major, K.282_189g, -GWwHu5MJP4.mid","C:\Users\herre\PycharmProjects\TFG_INFO\data\finetuning_sonatas_clean\Mozart, Wolfgang Amadeus, Piano Sonata No.4 in E-flat major, K.282_189g, -GWwHu5MJP4.mid",1,1,TRIM_START,,35287fbccfea4cac9f54573ea5959ec8,34367,384,1,1,4833,1.65625,718.2434895833333,2.00390625,0.10031888414117611,6.728915848306144,0.0,0.0031036623215394167,9,0.0,0,ok,0,"C:\Users\herre\PycharmProjects\TFG_INFO\data\finetuning_sonatas_clean\Mozart, Wolfgang Amadeus, Piano Sonata No.4 in E-flat major, K.282_189g, -GWwHu5MJP4.mid"
"C:\Users\herre\PycharmProjects\TFG_INFO\data\finetuning_sonatas_raw\Mozart, Wolfgang Amadeus, Piano Sonata No.5 in G major, K.283_189h, 0rnJu1rlm90.mid","Mozart, Wolfgang Amadeus, Piano Sonata No.5 in G major, K.283_189h, 0rnJu1rlm90.mid","C:\Users\herre\PycharmProjects\TFG_INFO\data\finetuning_sonatas_clean\Mozart, Wolfgang Amadeus, Piano Sonata No.5 in G major, K.283_189h, 0rnJu1rlm90.mid",1,1,TRIM_START+COMPRESS_GAPS,,9f330222d6d37a4218ecb55cbe2c3bb8,48472,384,1,1,6753,4.024739583333333,718.0494791666666,5.638020833333343,0.14002234061458543,9.404644381661837,0.0,0.0029616466755516065,11,0.0,0,ok,0,"C:\Users\herre\PycharmProjects\TFG_INFO\data\finetuning_sonatas_clean\Mozart, Wolfgang Amadeus, Piano Sonata No.5 in G major, K.283_189h, 0rnJu1rlm90.mid"
"C:\Users\herre\PycharmProjects\TFG_INFO\data\finetuning_sonatas_raw\Mozart, Wolfgang Amadeus, Piano Sonata No.6 in D major, K.284_205b, 6TJTGOj03cU.mid","Mozart, Wolfgang Amadeus, Piano Sonata No.6 in D major, K.284_205b, 6TJTGOj03cU.mid","C:\Users\herre\PycharmProjects\TFG_INFO\data\finetuning_sonatas_clean\Mozart, Wolfgang Amadeus, Piano Sonata No.6 in D major, K.284_205b, 6TJTGOj03cU.mid",1,1,TRIM_START+COMPRESS_GAPS,,d51efb5387285a915562fef9e3c1cb8b,112979,384,1,1,17006,7.4453125,1424.5598958333333,6.330729166666686,0.15528827433911419,11.937721993817537,0.0,0.017523227096318945,14,0.0,0,ok,0,"C:\Users\herre\PycharmProjects\TFG_INFO\data\finetuning_sonatas_clean\Mozart, Wolfgang Amadeus, Piano Sonata No.6 in D major, K.284_205b, 6TJTGOj03cU.mid"
"C:\Users\herre\PycharmProjects\TFG_INFO\data\finetuning_sonatas_raw\Mozart, Wolfgang Amadeus, Piano Sonata No.7 in C major, K.309_284b, 7QgT4_e8PTg.mid","Mozart, Wolfgang Amadeus, Piano Sonata No.7 in C major, K.309_284b, 7QgT4_e8PTg.mid","C:\Users\herre\PycharmProjects\TFG_INFO\data\finetuning_sonatas_clean\Mozart, Wolfgang Amadeus, Piano Sonata No.7 in C major, K.309_284b, 7QgT4_e8PTg.mid",1,1,TRIM_START+COMPRESS_GAPS,,827ec439ea2ccc126056043e67acc621,58205,384,1,1,8772,1.765625,968.1627604166666,4.227864583333314,0.1829307819659487,9.060460036930989,0.0,0.001937984496124031,11,0.0,0,ok,0,"C:\Users\herre\PycharmProjects\TFG_INFO\data\finetuning_sonatas_clean\Mozart, Wolfgang Amadeus, Piano Sonata No.7 in C major, K.309_284b, 7QgT4_e8PTg.mid"
"C:\Users\herre\PycharmProjects\TFG_INFO\data\finetuning_sonatas_raw\Mozart, Wolfgang Amadeus, Piano Sonata No.8 in A minor, K.310_300d, fRgxY8VUOz8.mid","Mozart, Wolfgang Amadeus, Piano Sonata No.8 in A minor, K.310_300d, fRgxY8VUOz8.mid","C:\Users\herre\PycharmProjects\TFG_INFO\data\finetuning_sonatas_clean\Mozart, Wolfgang Amadeus, Piano Sonata No.8 in A minor, K.310_300d, fRgxY8VUOz8.mid",1,1,TRIM_START+COMPRESS_GAPS,,c655d9a28492ea4e1b8a2327f625f6e9,107431,384,1,1,15730,7.158854166666666,1289.8997395833333,7.272135416666686,0.10569397855736293,12.194746240573043,0.0,0.0319135410044501,15,0.0,1,polyphony_max=15,0,"C:\Users\herre\PycharmProjects\TFG_INFO\data\finetuning_sonatas_clean\Mozart, Wolfgang Amadeus, Piano Sonata No.8 in A minor, K.310_300d, fRgxY8VUOz8.mid"
"C:\Users\herre\PycharmProjects\TFG_INFO\data\finetuning_sonatas_raw\Mozart, Wolfgang Amadeus, Piano Sonata No.9 in D major, K.311_284c, 49oiE8Tj1UU.mid","Mozart, Wolfgang Amadeus, Piano Sonata No.9 in D major, K.311_284c, 49oiE8Tj1UU.mid","C:\Users\herre\PycharmProjects\TFG_INFO\data\finetuning_sonatas_clean\Mozart, Wolfgang Amadeus, Piano Sonata No.9 in D major, K.311_284c, 49oiE8Tj1UU.mid",1,1,TRIM_START,,dedcf84266bb1158691a8207b8eb9ebd,55860,384,1,1,8331,2.02734375,899.9895833333333,3.4361979166666288,0.17015966619984027,9.256773805252376,0.0,0.0015604369223382547,12,0.0,0,ok,0,"C:\Users\herre\PycharmProjects\TFG_INFO\data\finetuning_sonatas_clean\Mozart, Wolfgang Amadeus, Piano Sonata No.9 in D major, K.311_284c, 49oiE8Tj1UU.mid"
"C:\Users\herre\PycharmProjects\TFG_INFO\data\finetuning_sonatas_raw\Mozart, Wolfgang Amadeus, Sonata for 2 Pianos in D major, K.448_375a, tT9gT5bqi6Y.mid","Mozart, Wolfgang Amadeus, Sonata for 2 Pianos in D major, K.448_375a, tT9gT5bqi6Y.mid","C:\Users\herre\PycharmProjects\TFG_INFO\data\finetuning_sonatas_clean\Mozart, Wolfgang Amadeus, Sonata for 2 Pianos in D major, K.448_375a, tT9gT5bqi6Y.mid",1,1,TRIM_START+SPLIT,,4ed828f2a02e6ba865dd1ac1a850eb8f,88462,384,1,1,12672,6.184895833333333,1443.94921875,12.076822916666686,0.25016750033590457,8.775931892514832,0.0,0.0726010101010101,13,0.0,0,ok,0,"C:\Users\herre\PycharmProjects\TFG_INFO\data\finetuning_sonatas_clean\Mozart, Wolfgang Amadeus, Sonata for 2 Pianos in D major, K.448_375a, tT9gT5bqi6Y.mid"
"C:\Users\herre\PycharmProjects\TFG_INFO\data\finetuning_sonatas_raw\Mozart, Wolfgang Amadeus, Sonata for 2 Pianos in D major, K.448_375a, tT9gT5bqi6Y.mid","Mozart, Wolfgang Amadeus, Sonata for 2 Pianos in D major, K.448_375a, tT9gT5bqi6Y.mid","C:\Users\herre\PycharmProjects\TFG_INFO\data\finetuning_sonatas_clean\Mozart, Wolfgang Amadeus, Sonata for 2 Pianos in D major, K.448_375a, tT9gT5bqi6Y.part2.mid",2,1,TRIM_START+SPLIT+COMPRESS_GAPS,,4ed828f2a02e6ba865dd1ac1a850eb8f,88462,384,1,1,12672,6.184895833333333,1443.94921875,12.076822916666686,0.25016750033590457,8.775931892514832,0.0,0.0726010101010101,13,0.0,0,ok,0,"C:\Users\herre\PycharmProjects\TFG_INFO\data\finetuning_sonatas_clean\Mozart, Wolfgang Amadeus, Sonata for 2 Pianos in D major, K.448_375a, tT9gT5bqi6Y.part2.mid"
"C:\Users\herre\PycharmProjects\TFG_INFO\data\finetuning_sonatas_raw\Mozart, Wolfgang Amadeus, Sonata for Piano Four-Hands in B-flat major, K.358_186c, Cv4LiOYmFEk.mid","Mozart, Wolfgang Amadeus, Sonata for Piano Four-Hands in B-flat major, K.358_186c, Cv4LiOYmFEk.mid","C:\Users\herre\PycharmProjects\TFG_INFO\data\finetuning_sonatas_clean\Mozart, Wolfgang Amadeus, Sonata for Piano Four-Hands in B-flat major, K.358_186c, Cv4LiOYmFEk.mid",1,1,TRIM_START+COMPRESS_GAPS,,20e72983f61ffae72f0ee45ef2b3b6a5,55659,384,1,1,8463,1.2552083333333333,742.9856770833333,5.985677083333343,0.14931661213467012,11.390529132704653,0.0,0.007444168734491315,14,0.0,0,ok,0,"C:\Users\herre\PycharmProjects\TFG_INFO\data\finetuning_sonatas_clean\Mozart, Wolfgang Amadeus, Sonata for Piano Four-Hands in B-flat major, K.358_186c, Cv4LiOYmFEk.mid"
"C:\Users\herre\PycharmProjects\TFG_INFO\data\finetuning_sonatas_raw\Mozart, Wolfgang Amadeus, Sonata for Piano Four-Hands in C major, K.19d, oTJDS1dprLg.mid","Mozart, Wolfgang Amadeus, Sonata for Piano Four-Hands in C major, K.19d, oTJDS1dprLg.mid","C:\Users\herre\PycharmProjects\TFG_INFO\data\finetuning_sonatas_clean\Mozart, Wolfgang Amadeus, Sonata for Piano Four-Hands in C major, K.19d, oTJDS1dprLg.mid",1,1,TRIM_START+COMPRESS_GAPS,,e966f5a3fbe068274adaf8c0e66c40e1,48875,384,1,1,7626,1.43359375,733.75,6.313802083333371,0.16156835604770078,10.393185689948893,0.0,0.01088381851560451,13,0.0,0,ok,0,"C:\Users\herre\PycharmProjects\TFG_INFO\data\finetuning_sonatas_clean\Mozart, Wolfgang Amadeus, Sonata for Piano Four-Hands in C major, K.19d, oTJDS1dprLg.mid"
"C:\Users\herre\PycharmProjects\TFG_INFO\data\finetuning_sonatas_raw\Mozart, Wolfgang Amadeus, Sonata for Piano Four-Hands in D major, K.381_123a, zklTQOUOboY.mid","Mozart, Wolfgang Amadeus, Sonata for Piano Four-Hands in D major, K.381_123a, zklTQOUOboY.mid","C:\Users\herre\PycharmProjects\TFG_INFO\data\finetuning_sonatas_clean\Mozart, Wolfgang Amadeus, Sonata for Piano Four-Hands in D major, K.381_123a, zklTQOUOboY.mid",1,1,COMPRESS_GAPS,,c5b2e0601b2ba4db84cb12704594c749,58962,384,1,1,8786,0.81640625,794.2890625,8.346354166666686,0.17070755753146524,11.061464163117568,0.0,0.07250170726155247,14,0.0,0,ok,0,"C:\Users\herre\PycharmProjects\TFG_INFO\data\finetuning_sonatas_clean\Mozart, Wolfgang Amadeus, Sonata for Piano Four-Hands in D major, K.381_123a, zklTQOUOboY.mid"
"C:\Users\herre\PycharmProjects\TFG_INFO\data\finetuning_sonatas_raw\Mozart, Wolfgang Amadeus, Sonata for Piano Four-Hands in F major, K.497, t2Aodlo8uKU.mid","Mozart, Wolfgang Amadeus, Sonata for Piano Four-Hands in F major, K.497, t2Aodlo8uKU.mid","C:\Users\herre\PycharmProjects\TFG_INFO\data\finetuning_sonatas_clean\Mozart, Wolfgang Amadeus, Sonata for Piano Four-Hands in F major, K.497, t2Aodlo8uKU.mid",1,1,COMPRESS_GAPS,,50abae8c6c60826650c83bdfd7aed4b0,106370,384,1,1,15443,0.24088541666666666,1468.0234375,5.872395833333314,0.09032925862261362,10.51958681688282,0.0,0.004986077834617626,23,0.0,1,polyphony_max=23,0,"C:\Users\herre\PycharmProjects\TFG_INFO\data\finetuning_sonatas_clean\Mozart, Wolfgang Amadeus, Sonata for Piano Four-Hands in F major, K.497, t2Aodlo8uKU.mid"
"C:\Users\herre\PycharmProjects\TFG_INFO\data\finetuning_sonatas_raw\Mozart, Wolfgang Amadeus, Sonata Movement for Two Pianos, K.Anh.42_375b, 4oY3lP_i9iA.mid","Mozart, Wolfgang Amadeus, Sonata Movement for Two Pianos, K.Anh.42_375b, 4oY3lP_i9iA.mid","C:\Users\herre\PycharmProjects\TFG_INFO\data\finetuning_sonatas_clean\Mozart, Wolfgang Amadeus, Sonata Movement for Two Pianos, K.Anh.42_375b, 4oY3lP_i9iA.mid",1,1,COMPRESS_GAPS,,cd3de7d26218305dad5a1af747b53879,54132,384,1,1,7960,0.46354166666666663,666.7174479166666,4.08984375,0.11268672894056803,11.939090577084949,0.0,0.004271356783919598,16,0.0,1,polyphony_max=16,0,"C:\Users\herre\PycharmProjects\TFG_INFO\data\finetuning_sonatas_clean\Mozart, Wolfgang Amadeus, Sonata Movement for Two Pianos, K.Anh.42_375b, 4oY3lP_i9iA.mid"
"C:\Users\herre\PycharmProjects\TFG_INFO\data\finetuning_sonatas_raw\Mozart, Wolfgang Amadeus, Sonata Movement in B-flat major, K.Anh.43_375c, cAIp75te5-s.mid","Mozart, Wolfgang Amadeus, Sonata Movement in B-flat major, K.Anh.43_375c, cAIp75te5-s.mid","C:\Users\herre\PycharmProjects\TFG_INFO\data\finetuning_sonatas_clean\Mozart, Wolfgang Amadeus, Sonata Movement in B-flat major, K.Anh.43_375c, cAIp75te5-s.mid",1,1,TRIM_START+COMPRESS_GAPS,,b785d3de092dcb7192747df72b129dec,30140,384,1,1,4668,1.2604166666666665,264.9296875,5.803385416666668,0.1112323434873636,17.61976939636106,0.0,0.008140531276778063,16,0.0,1,polyphony_max=16,0,"C:\Users\herre\PycharmProjects\TFG_INFO\data\finetuning_sonatas_clean\Mozart, Wolfgang Amadeus, Sonata Movement in B-flat major, K.Anh.43_375c, cAIp75te5-s.mid"
