path,size,head_hex,status,detail,n_tokens,min_id,max_id,out_of_range
C:\Users\herre\PycharmProjects\TFG_INFO\data\interim\tokenized_finetuning_v2\Mozart_Wolfgang_Amadeus_Piano_Sonata_in_B-flat_major_K.498a_ExBZgS0fQ9I__tr+1__ts1p050.json,97662,7b 22 69 64 73 22 3a 20 5b 32 30 38 37 2c 20 31 30 33 34 2c 20 32 39 36 35 2c 20 36 37 36 2c 20,OK,,17293,10,17955,False
C:\Users\herre\PycharmProjects\TFG_INFO\data\interim\tokenized_finetuning_v2\Mozart_Wolfgang_Amadeus_Piano_Sonata_in_B-flat_major_K.498a_ExBZgS0fQ9I__tr+2__ts1p000.json,95202,7b 22 69 64 73 22 3a 20 5b 31 36 32 38 2c 20 31 30 33 34 2c 20 31 37 37 2c 20 31 36 39 33 2c 20,OK,,16749,11,17985,False
C:\Users\herre\PycharmProjects\TFG_INFO\data\interim\tokenized_finetuning_v2\Mozart_Wolfgang_Amadeus_Piano_Sonata_in_B-flat_major_K.498a_ExBZgS0fQ9I__tr+3__ts0p975.json,96828,7b 22 69 64 73 22 3a 20 5b 32 33 35 31 2c 20 31 30 33 34 2c 20 31 37 37 2c 20 32 32 34 33 2c 20,OK,,17108,12,17990,False
C:\Users\herre\PycharmProjects\TFG_INFO\data\interim\tokenized_finetuning_v2\Mozart_Wolfgang_Amadeus_Piano_Sonata_in_B-flat_major_K.498a_ExBZgS0fQ9I__tr-1__ts1p000.json,96313,7b 22 69 64 73 22 3a 20 5b 31 33 32 35 2c 20 31 30 33 34 2c 20 31 37 37 2c 20 31 39 38 36 2c 20,OK,,17004,8,17995,False
C:\Users\herre\PycharmProjects\TFG_INFO\data\interim\tokenized_finetuning_v2\Mozart_Wolfgang_Amadeus_Piano_Sonata_in_B-flat_major_K.498a_ExBZgS0fQ9I__tr0__ts1p000.json,95608,7b 22 69 64 73 22 3a 20 5b 31 38 31 33 2c 20 31 30 33 34 2c 20 31 37 37 2c 20 31 34 34 35 2c 20,OK,,16847,9,17995,False
C:\Users\herre\PycharmProjects\TFG_INFO\data\interim\tokenized_finetuning_v2\Mozart_Wolfgang_Amadeus_Piano_Sonata_in_B-flat_major_K.498a_ExBZgS0fQ9I__tr0__ts1p050.json,96234,7b 22 69 64 73 22 3a 20 5b 31 38 31 33 2c 20 31 30 33 34 2c 20 32 33 33 37 2c 20 36 37 36 2c 20,OK,,16973,9,17992,False
C:\Users\herre\PycharmProjects\TFG_INFO\data\interim\tokenized_finetuning_v2\Mozart_Wolfgang_Amadeus_Piano_Sonata_in_F_major_K.Anh.135_547a_ePsbF5NJrcI__tr+1__ts1p000.json,42078,7b 22 69 64 73 22 3a 20 5b 31 34 39 37 2c 20 33 38 33 32 2c 20 33 37 38 37 2c 20 33 39 36 32 2c,OK,,7390,14,17965,False
C:\Users\herre\PycharmProjects\TFG_INFO\data\interim\tokenized_finetuning_v2\Mozart_Wolfgang_Amadeus_Piano_Sonata_in_F_major_K.Anh.135_547a_ePsbF5NJrcI__tr-2__ts0p950.json,41180,7b 22 69 64 73 22 3a 20 5b 31 30 32 36 2c 20 33 38 33 32 2c 20 33 33 31 39 2c 20 34 30 34 33 2c,OK,,7195,6,17992,False
C:\Users\herre\PycharmProjects\TFG_INFO\data\interim\tokenized_finetuning_v2\Mozart_Wolfgang_Amadeus_Piano_Sonata_in_F_major_K.Anh.135_547a_ePsbF5NJrcI__tr-2__ts1p025.json,41477,7b 22 69 64 73 22 3a 20 5b 31 30 32 36 2c 20 33 38 33 32 2c 20 33 33 31 39 2c 20 34 30 34 33 2c,OK,,7247,6,17990,False
C:\Users\herre\PycharmProjects\TFG_INFO\data\interim\tokenized_finetuning_v2\Mozart_Wolfgang_Amadeus_Piano_Sonata_in_F_major_K.Anh.135_547a_ePsbF5NJrcI__tr-3__ts1p000.json,41391,7b 22 69 64 73 22 3a 20 5b 31 35 38 33 2c 20 33 38 33 32 2c 20 33 36 32 36 2c 20 33 35 38 31 2c,OK,,7245,5,17955,False
C:\Users\herre\PycharmProjects\TFG_INFO\data\interim\tokenized_finetuning_v2\Mozart_Wolfgang_Amadeus_Piano_Sonata_in_F_major_K.Anh.135_547a_ePsbF5NJrcI__tr0__ts1p000.json,40928,7b 22 69 64 73 22 3a 20 5b 31 30 32 33 2c 20 33 38 33 32 2c 20 32 37 30 36 2c 20 33 32 30 32 2c,OK,,7137,13,17978,False
C:\Users\herre\PycharmProjects\TFG_INFO\data\interim\tokenized_finetuning_v2\Mozart_Wolfgang_Amadeus_Piano_Sonata_in_F_major_K.Anh.135_547a_ePsbF5NJrcI__tr0__ts1p050.json,41232,7b 22 69 64 73 22 3a 20 5b 31 30 32 33 2c 20 33 38 33 32 2c 20 32 37 30 36 2c 20 33 32 30 32 2c,OK,,7209,13,17950,False
C:\Users\herre\PycharmProjects\TFG_INFO\data\interim\tokenized_finetuning_v2\Mozart_Wolfgang_Amadeus_Piano_Sonata_No.11_in_A_major_K.331_300i_vp_h649sZ9A__tr+2__ts1p000.json,70894,7b 22 69 64 73 22 3a 20 5b 31 37 39 35 2c 20 37 38 35 2c 20 35 34 37 32 2c 20 31 33 37 38 2c 20,OK,,12520,19,17952,False
C:\Users\herre\PycharmProjects\TFG_INFO\data\interim\tokenized_finetuning_v2\Mozart_Wolfgang_Amadeus_Piano_Sonata_No.11_in_A_major_K.331_300i_vp_h649sZ9A__tr+3__ts0p950.json,69465,7b 22 69 64 73 22 3a 20 5b 31 33 32 35 2c 20 37 38 35 2c 20 34 30 34 32 2c 20 31 33 34 37 2c 20,OK,,12221,22,17996,False
C:\Users\herre\PycharmProjects\TFG_INFO\data\interim\tokenized_finetuning_v2\Mozart_Wolfgang_Amadeus_Piano_Sonata_No.11_in_A_major_K.331_300i_vp_h649sZ9A__tr+3__ts0p975.json,69539,7b 22 69 64 73 22 3a 20 5b 31 33 32 35 2c 20 37 38 35 2c 20 34 30 34 32 2c 20 31 33 37 38 2c 20,OK,,12240,22,17996,False
C:\Users\herre\PycharmProjects\TFG_INFO\data\interim\tokenized_finetuning_v2\Mozart_Wolfgang_Amadeus_Piano_Sonata_No.11_in_A_major_K.331_300i_vp_h649sZ9A__tr-2__ts1p050.json,69782,7b 22 69 64 73 22 3a 20 5b 31 33 32 38 2c 20 37 37 34 2c 20 31 37 35 2c 20 36 39 36 31 2c 20 35,OK,,12259,15,17995,False
C:\Users\herre\PycharmProjects\TFG_INFO\data\interim\tokenized_finetuning_v2\Mozart_Wolfgang_Amadeus_Piano_Sonata_No.11_in_A_major_K.331_300i_vp_h649sZ9A__tr-3__ts1p025.json,71329,7b 22 69 64 73 22 3a 20 5b 31 34 39 37 2c 20 37 37 34 2c 20 34 34 37 35 2c 20 31 33 37 38 2c 20,OK,,12636,14,17985,False
C:\Users\herre\PycharmProjects\TFG_INFO\data\interim\tokenized_finetuning_v2\Mozart_Wolfgang_Amadeus_Piano_Sonata_No.11_in_A_major_K.331_300i_vp_h649sZ9A__tr0__ts1p000.json,69905,7b 22 69 64 73 22 3a 20 5b 31 37 37 36 2c 20 37 38 35 2c 20 34 30 39 39 2c 20 31 33 37 38 2c 20,OK,,12307,19,17985,False
C:\Users\herre\PycharmProjects\TFG_INFO\data\interim\tokenized_finetuning_v2\Mozart_Wolfgang_Amadeus_Piano_Sonata_No.13_in_B-flat_major_K.333_315c_9vLnY5whOO0__tr+1__ts0p975.json,32010,7b 22 69 64 73 22 3a 20 5b 32 30 38 37 2c 20 37 33 30 2c 20 31 34 33 39 2c 20 37 34 33 2c 20 31,OK,,5659,14,17942,False
C:\Users\herre\PycharmProjects\TFG_INFO\data\interim\tokenized_finetuning_v2\Mozart_Wolfgang_Amadeus_Piano_Sonata_No.13_in_B-flat_major_K.333_315c_9vLnY5whOO0__tr+2__ts1p000.json,31737,7b 22 69 64 73 22 3a 20 5b 31 36 32 38 2c 20 37 33 30 2c 20 31 31 33 36 2c 20 37 34 33 2c 20 31,OK,,5590,15,17990,False
C:\Users\herre\PycharmProjects\TFG_INFO\data\interim\tokenized_finetuning_v2\Mozart_Wolfgang_Amadeus_Piano_Sonata_No.13_in_B-flat_major_K.333_315c_9vLnY5whOO0__tr+3__ts0p950.json,32032,7b 22 69 64 73 22 3a 20 5b 32 33 35 31 2c 20 37 32 33 2c 20 32 30 30 30 2c 20 37 34 33 2c 20 32,OK,,5672,16,17990,False
C:\Users\herre\PycharmProjects\TFG_INFO\data\interim\tokenized_finetuning_v2\Mozart_Wolfgang_Amadeus_Piano_Sonata_No.13_in_B-flat_major_K.333_315c_9vLnY5whOO0__tr-2__ts0p950.json,31795,7b 22 69 64 73 22 3a 20 5b 31 37 39 35 2c 20 37 32 33 2c 20 32 30 30 31 2c 20 37 34 33 2c 20 31,OK,,5622,11,17907,False
C:\Users\herre\PycharmProjects\TFG_INFO\data\interim\tokenized_finetuning_v2\Mozart_Wolfgang_Amadeus_Piano_Sonata_No.13_in_B-flat_major_K.333_315c_9vLnY5whOO0__tr-3__ts0p975.json,31292,7b 22 69 64 73 22 3a 20 5b 31 31 32 30 2c 20 37 33 30 2c 20 31 31 35 30 2c 20 37 34 33 2c 20 31,OK,,5496,10,17978,False
C:\Users\herre\PycharmProjects\TFG_INFO\data\interim\tokenized_finetuning_v2\Mozart_Wolfgang_Amadeus_Piano_Sonata_No.13_in_B-flat_major_K.333_315c_9vLnY5whOO0__tr0__ts1p000.json,31861,7b 22 69 64 73 22 3a 20 5b 31 38 31 33 2c 20 37 33 30 2c 20 31 35 35 35 2c 20 37 34 33 2c 20 31,OK,,5625,13,17990,False
C:\Users\herre\PycharmProjects\TFG_INFO\data\interim\tokenized_finetuning_v2\Mozart_Wolfgang_Amadeus_Piano_Sonata_No.14_in_C_minor_K.457_CKtxbloW-ZQ__tr+1__ts0p950.json,97469,7b 22 69 64 73 22 3a 20 5b 31 30 38 37 2c 20 37 31 32 2c 20 32 32 2c 20 37 38 33 2c 20 34 32 32,OK,,17128,10,17997,False
C:\Users\herre\PycharmProjects\TFG_INFO\data\interim\tokenized_finetuning_v2\Mozart_Wolfgang_Amadeus_Piano_Sonata_No.14_in_C_minor_K.457_CKtxbloW-ZQ__tr+1__ts1p050.json,98081,7b 22 69 64 73 22 3a 20 5b 31 30 38 37 2c 20 37 31 33 2c 20 32 32 2c 20 37 38 35 2c 20 34 32 37,OK,,17226,11,17996,False
C:\Users\herre\PycharmProjects\TFG_INFO\data\interim\tokenized_finetuning_v2\Mozart_Wolfgang_Amadeus_Piano_Sonata_No.14_in_C_minor_K.457_CKtxbloW-ZQ__tr+3__ts1p025.json,98623,7b 22 69 64 73 22 3a 20 5b 31 31 31 37 2c 20 37 31 33 2c 20 32 34 2c 20 37 38 35 2c 20 34 38 35,OK,,17351,12,17984,False
C:\Users\herre\PycharmProjects\TFG_INFO\data\interim\tokenized_finetuning_v2\Mozart_Wolfgang_Amadeus_Piano_Sonata_No.14_in_C_minor_K.457_CKtxbloW-ZQ__tr-1__ts1p050.json,98925,7b 22 69 64 73 22 3a 20 5b 31 31 33 32 2c 20 37 31 33 2c 20 32 30 2c 20 37 38 35 2c 20 34 33 30,OK,,17419,7,17991,False
C:\Users\herre\PycharmProjects\TFG_INFO\data\interim\tokenized_finetuning_v2\Mozart_Wolfgang_Amadeus_Piano_Sonata_No.14_in_C_minor_K.457_CKtxbloW-ZQ__tr-2__ts1p000.json,99212,7b 22 69 64 73 22 3a 20 5b 31 34 31 35 2c 20 37 31 32 2c 20 31 39 2c 20 37 38 33 2c 20 36 30 38,OK,,17532,6,17984,False
C:\Users\herre\PycharmProjects\TFG_INFO\data\interim\tokenized_finetuning_v2\Mozart_Wolfgang_Amadeus_Piano_Sonata_No.14_in_C_minor_K.457_CKtxbloW-ZQ__tr0__ts1p000.json,99860,7b 22 69 64 73 22 3a 20 5b 31 37 30 32 2c 20 37 31 32 2c 20 32 31 2c 20 37 38 33 2c 20 35 37 38,OK,,17630,9,17946,False
C:\Users\herre\PycharmProjects\TFG_INFO\data\interim\tokenized_finetuning_v2\Mozart_Wolfgang_Amadeus_Piano_Sonata_No.15_in_F_major_K.533_494_tk9fa1CTY9k__tr+1__ts0p950.json,120825,7b 22 69 64 73 22 3a 20 5b 31 31 32 30 2c 20 37 32 39 2c 20 35 37 33 2c 20 31 33 37 36 2c 20 37,OK,,21270,10,17992,False
C:\Users\herre\PycharmProjects\TFG_INFO\data\interim\tokenized_finetuning_v2\Mozart_Wolfgang_Amadeus_Piano_Sonata_No.15_in_F_major_K.533_494_tk9fa1CTY9k__tr+1__ts1p025.json,121572,7b 22 69 64 73 22 3a 20 5b 31 31 32 30 2c 20 37 32 39 2c 20 35 37 34 2c 20 31 33 32 33 2c 20 37,OK,,21437,10,17984,False
C:\Users\herre\PycharmProjects\TFG_INFO\data\interim\tokenized_finetuning_v2\Mozart_Wolfgang_Amadeus_Piano_Sonata_No.15_in_F_major_K.533_494_tk9fa1CTY9k__tr-1__ts0p975.json,120702,7b 22 69 64 73 22 3a 20 5b 31 31 33 39 2c 20 37 32 39 2c 20 35 37 34 2c 20 31 37 37 39 2c 20 37,OK,,21246,8,17996,False
C:\Users\herre\PycharmProjects\TFG_INFO\data\interim\tokenized_finetuning_v2\Mozart_Wolfgang_Amadeus_Piano_Sonata_No.15_in_F_major_K.533_494_tk9fa1CTY9k__tr-2__ts1p025.json,123133,7b 22 69 64 73 22 3a 20 5b 31 33 32 38 2c 20 37 32 39 2c 20 35 37 34 2c 20 31 31 39 35 2c 20 37,OK,,21776,7,17984,False
C:\Users\herre\PycharmProjects\TFG_INFO\data\interim\tokenized_finetuning_v2\Mozart_Wolfgang_Amadeus_Piano_Sonata_No.15_in_F_major_K.533_494_tk9fa1CTY9k__tr-3__ts1p050.json,122587,7b 22 69 64 73 22 3a 20 5b 31 34 39 37 2c 20 37 32 39 2c 20 35 37 34 2c 20 31 39 39 34 2c 20 37,OK,,21652,6,17996,False
C:\Users\herre\PycharmProjects\TFG_INFO\data\interim\tokenized_finetuning_v2\Mozart_Wolfgang_Amadeus_Piano_Sonata_No.15_in_F_major_K.533_494_tk9fa1CTY9k__tr0__ts1p000.json,123614,7b 22 69 64 73 22 3a 20 5b 31 37 37 36 2c 20 37 32 39 2c 20 35 37 34 2c 20 31 35 31 36 2c 20 37,OK,,21875,9,17978,False
C:\Users\herre\PycharmProjects\TFG_INFO\data\interim\tokenized_finetuning_v2\Mozart_Wolfgang_Amadeus_Piano_Sonata_No.16_in_C_major_K.545_qjk-YRuQZDE__tr+1__ts1p000.json,28588,7b 22 69 64 73 22 3a 20 5b 31 37 37 36 2c 20 31 31 38 37 2c 20 35 37 36 30 2c 20 32 31 34 30 2c,OK,,5103,28,17886,False
C:\Users\herre\PycharmProjects\TFG_INFO\data\interim\tokenized_finetuning_v2\Mozart_Wolfgang_Amadeus_Piano_Sonata_No.16_in_C_major_K.545_qjk-YRuQZDE__tr+2__ts0p950.json,28316,7b 22 69 64 73 22 3a 20 5b 31 31 32 30 2c 20 31 30 31 38 2c 20 34 30 32 33 2c 20 31 35 34 35 2c,OK,,5042,32,17898,False
C:\Users\herre\PycharmProjects\TFG_INFO\data\interim\tokenized_finetuning_v2\Mozart_Wolfgang_Amadeus_Piano_Sonata_No.16_in_C_major_K.545_qjk-YRuQZDE__tr+2__ts1p050.json,28473,7b 22 69 64 73 22 3a 20 5b 31 31 32 30 2c 20 31 31 32 37 2c 20 33 37 38 39 2c 20 31 35 34 35 2c,OK,,5072,32,17979,False
C:\Users\herre\PycharmProjects\TFG_INFO\data\interim\tokenized_finetuning_v2\Mozart_Wolfgang_Amadeus_Piano_Sonata_No.16_in_C_major_K.545_qjk-YRuQZDE__tr+3__ts1p050.json,28590,7b 22 69 64 73 22 3a 20 5b 31 37 39 35 2c 20 31 31 32 37 2c 20 35 34 36 31 2c 20 32 30 33 38 2c,OK,,5104,33,17942,False
C:\Users\herre\PycharmProjects\TFG_INFO\data\interim\tokenized_finetuning_v2\Mozart_Wolfgang_Amadeus_Piano_Sonata_No.16_in_C_major_K.545_qjk-YRuQZDE__tr0__ts1p000.json,28304,7b 22 69 64 73 22 3a 20 5b 31 31 33 39 2c 20 31 31 38 37 2c 20 34 32 39 35 2c 20 31 35 35 38 2c,OK,,5035,30,17980,False
C:\Users\herre\PycharmProjects\TFG_INFO\data\interim\tokenized_finetuning_v2\Mozart_Wolfgang_Amadeus_Piano_Sonata_No.16_in_C_major_K.545_qjk-YRuQZDE__tr0__ts1p050.json,28347,7b 22 69 64 73 22 3a 20 5b 31 31 33 39 2c 20 31 31 32 37 2c 20 33 38 37 35 2c 20 31 35 35 38 2c,OK,,5042,30,17978,False
C:\Users\herre\PycharmProjects\TFG_INFO\data\interim\tokenized_finetuning_v2\Mozart_Wolfgang_Amadeus_Piano_Sonata_No.17_in_B-flat_major_K.570_kVwEkgQ3dPs__tr+1__ts1p000.json,86572,7b 22 69 64 73 22 3a 20 5b 31 31 33 39 2c 20 37 35 33 2c 20 31 37 35 2c 20 31 32 31 38 32 2c 20,OK,,15223,20,17992,False
C:\Users\herre\PycharmProjects\TFG_INFO\data\interim\tokenized_finetuning_v2\Mozart_Wolfgang_Amadeus_Piano_Sonata_No.17_in_B-flat_major_K.570_kVwEkgQ3dPs__tr-2__ts1p050.json,87384,7b 22 69 64 73 22 3a 20 5b 31 30 32 33 2c 20 37 35 34 2c 20 31 37 35 2c 20 31 32 32 38 31 2c 20,OK,,15399,10,17933,False
C:\Users\herre\PycharmProjects\TFG_INFO\data\interim\tokenized_finetuning_v2\Mozart_Wolfgang_Amadeus_Piano_Sonata_No.17_in_B-flat_major_K.570_kVwEkgQ3dPs__tr-3__ts1p050.json,88043,7b 22 69 64 73 22 3a 20 5b 31 36 39 34 2c 20 37 35 34 2c 20 35 31 31 32 2c 20 32 36 30 30 2c 20,OK,,15564,9,17998,False
C:\Users\herre\PycharmProjects\TFG_INFO\data\interim\tokenized_finetuning_v2\Mozart_Wolfgang_Amadeus_Piano_Sonata_No.17_in_B-flat_major_K.570_kVwEkgQ3dPs__tr0__ts0p950.json,87821,7b 22 69 64 73 22 3a 20 5b 31 33 32 38 2c 20 37 35 33 2c 20 31 37 35 2c 20 31 31 32 30 30 2c 20,OK,,15486,19,17979,False
C:\Users\herre\PycharmProjects\TFG_INFO\data\interim\tokenized_finetuning_v2\Mozart_Wolfgang_Amadeus_Piano_Sonata_No.17_in_B-flat_major_K.570_kVwEkgQ3dPs__tr0__ts0p975.json,88021,7b 22 69 64 73 22 3a 20 5b 31 33 32 38 2c 20 37 35 33 2c 20 31 37 35 2c 20 31 34 31 38 31 2c 20,OK,,15533,12,17959,False
C:\Users\herre\PycharmProjects\TFG_INFO\data\interim\tokenized_finetuning_v2\Mozart_Wolfgang_Amadeus_Piano_Sonata_No.17_in_B-flat_major_K.570_kVwEkgQ3dPs__tr0__ts1p000.json,88164,7b 22 69 64 73 22 3a 20 5b 31 33 32 38 2c 20 37 35 33 2c 20 31 37 35 2c 20 31 34 31 38 31 2c 20,OK,,15565,19,17959,False
C:\Users\herre\PycharmProjects\TFG_INFO\data\interim\tokenized_finetuning_v2\Mozart_Wolfgang_Amadeus_Piano_Sonata_No.18_in_D_major_K.576_TfCzqcW0LqE__tr+3__ts1p000.json,64436,7b 22 69 64 73 22 3a 20 5b 31 30 38 34 30 2c 20 31 37 35 2c 20 33 30 31 31 2c 20 35 38 32 2c 20,OK,,11348,20,17990,False
C:\Users\herre\PycharmProjects\TFG_INFO\data\interim\tokenized_finetuning_v2\Mozart_Wolfgang_Amadeus_Piano_Sonata_No.18_in_D_major_K.576_TfCzqcW0LqE__tr-1__ts1p025.json,65196,7b 22 69 64 73 22 3a 20 5b 31 30 38 34 30 2c 20 31 37 35 2c 20 32 35 39 39 2c 20 35 38 33 2c 20,OK,,11526,16,17990,False
C:\Users\herre\PycharmProjects\TFG_INFO\data\interim\tokenized_finetuning_v2\Mozart_Wolfgang_Amadeus_Piano_Sonata_No.18_in_D_major_K.576_TfCzqcW0LqE__tr-1__ts1p050.json,65535,7b 22 69 64 73 22 3a 20 5b 31 30 38 34 30 2c 20 31 37 35 2c 20 32 35 39 39 2c 20 35 38 33 2c 20,OK,,11603,21,17976,False
C:\Users\herre\PycharmProjects\TFG_INFO\data\interim\tokenized_finetuning_v2\Mozart_Wolfgang_Amadeus_Piano_Sonata_No.18_in_D_major_K.576_TfCzqcW0LqE__tr-2__ts0p975.json,63652,7b 22 69 64 73 22 3a 20 5b 31 30 38 34 30 2c 20 31 37 35 2c 20 33 38 37 38 2c 20 35 38 32 2c 20,OK,,11182,15,17996,False
C:\Users\herre\PycharmProjects\TFG_INFO\data\interim\tokenized_finetuning_v2\Mozart_Wolfgang_Amadeus_Piano_Sonata_No.18_in_D_major_K.576_TfCzqcW0LqE__tr0__ts0p950.json,64134,7b 22 69 64 73 22 3a 20 5b 31 30 38 34 30 2c 20 31 37 35 2c 20 33 32 39 37 2c 20 35 38 32 2c 20,OK,,11296,22,17995,False
C:\Users\herre\PycharmProjects\TFG_INFO\data\interim\tokenized_finetuning_v2\Mozart_Wolfgang_Amadeus_Piano_Sonata_No.18_in_D_major_K.576_TfCzqcW0LqE__tr0__ts1p000.json,64625,7b 22 69 64 73 22 3a 20 5b 31 30 38 34 30 2c 20 31 37 35 2c 20 33 32 39 37 2c 20 35 38 32 2c 20,OK,,11404,17,17953,False
C:\Users\herre\PycharmProjects\TFG_INFO\data\interim\tokenized_finetuning_v2\Mozart_Wolfgang_Amadeus_Piano_Sonata_No.1_in_C_major_K.279_189d_ZixdOZh7zo4__tr+1__ts1p000.json,65500,7b 22 69 64 73 22 3a 20 5b 31 32 37 30 2c 20 37 32 32 2c 20 35 38 36 30 2c 20 37 34 33 2c 20 31,OK,,11551,9,17942,False
C:\Users\herre\PycharmProjects\TFG_INFO\data\interim\tokenized_finetuning_v2\Mozart_Wolfgang_Amadeus_Piano_Sonata_No.1_in_C_major_K.279_189d_ZixdOZh7zo4__tr+2__ts0p950.json,64336,7b 22 69 64 73 22 3a 20 5b 31 35 38 33 2c 20 37 31 36 2c 20 34 30 34 38 2c 20 37 34 33 2c 20 36,OK,,11301,10,17996,False
C:\Users\herre\PycharmProjects\TFG_INFO\data\interim\tokenized_finetuning_v2\Mozart_Wolfgang_Amadeus_Piano_Sonata_No.1_in_C_major_K.279_189d_ZixdOZh7zo4__tr-2__ts1p025.json,64972,7b 22 69 64 73 22 3a 20 5b 31 30 38 37 2c 20 37 32 32 2c 20 34 33 33 39 2c 20 37 34 33 2c 20 31,OK,,11438,6,17977,False
C:\Users\herre\PycharmProjects\TFG_INFO\data\interim\tokenized_finetuning_v2\Mozart_Wolfgang_Amadeus_Piano_Sonata_No.1_in_C_major_K.279_189d_ZixdOZh7zo4__tr-3__ts0p975.json,64393,7b 22 69 64 73 22 3a 20 5b 31 37 30 32 2c 20 37 32 32 2c 20 34 30 39 39 2c 20 37 34 33 2c 20 38,OK,,11329,5,17942,False
C:\Users\herre\PycharmProjects\TFG_INFO\data\interim\tokenized_finetuning_v2\Mozart_Wolfgang_Amadeus_Piano_Sonata_No.1_in_C_major_K.279_189d_ZixdOZh7zo4__tr0__ts1p000.json,64388,7b 22 69 64 73 22 3a 20 5b 31 31 31 37 2c 20 37 32 32 2c 20 34 30 34 32 2c 20 37 34 33 2c 20 37,OK,,11304,8,17996,False
C:\Users\herre\PycharmProjects\TFG_INFO\data\interim\tokenized_finetuning_v2\Mozart_Wolfgang_Amadeus_Piano_Sonata_No.1_in_C_major_K.279_189d_ZixdOZh7zo4__tr0__ts1p025.json,64425,7b 22 69 64 73 22 3a 20 5b 31 31 31 37 2c 20 37 32 32 2c 20 34 30 34 32 2c 20 37 34 33 2c 20 37,OK,,11298,8,17969,False
C:\Users\herre\PycharmProjects\TFG_INFO\data\interim\tokenized_finetuning_v2\Mozart_Wolfgang_Amadeus_Piano_Sonata_No.20_in_C_minor_8ZyxKd_18G4__tr+1__ts0p950.json,41406,7b 22 69 64 73 22 3a 20 5b 31 32 32 38 32 2c 20 31 38 35 38 2c 20 38 37 37 2c 20 33 33 2c 20 38,OK,,7372,14,17991,False
C:\Users\herre\PycharmProjects\TFG_INFO\data\interim\tokenized_finetuning_v2\Mozart_Wolfgang_Amadeus_Piano_Sonata_No.20_in_C_minor_8ZyxKd_18G4__tr+2__ts0p950.json,41211,7b 22 69 64 73 22 3a 20 5b 31 32 32 38 32 2c 20 31 31 35 37 2c 20 38 37 37 2c 20 33 34 2c 20 38,OK,,7330,15,17942,False
C:\Users\herre\PycharmProjects\TFG_INFO\data\interim\tokenized_finetuning_v2\Mozart_Wolfgang_Amadeus_Piano_Sonata_No.20_in_C_minor_8ZyxKd_18G4__tr+2__ts1p025.json,41468,7b 22 69 64 73 22 3a 20 5b 31 32 39 38 38 2c 20 31 31 36 30 2c 20 38 39 30 2c 20 33 34 2c 20 38,OK,,7373,15,17990,False
C:\Users\herre\PycharmProjects\TFG_INFO\data\interim\tokenized_finetuning_v2\Mozart_Wolfgang_Amadeus_Piano_Sonata_No.20_in_C_minor_8ZyxKd_18G4__tr-1__ts1p050.json,41549,7b 22 69 64 73 22 3a 20 5b 31 32 39 38 38 2c 20 31 35 32 37 2c 20 38 39 30 2c 20 33 31 2c 20 38,OK,,7386,12,17980,False
C:\Users\herre\PycharmProjects\TFG_INFO\data\interim\tokenized_finetuning_v2\Mozart_Wolfgang_Amadeus_Piano_Sonata_No.20_in_C_minor_8ZyxKd_18G4__tr0__ts1p000.json,41494,7b 22 69 64 73 22 3a 20 5b 31 32 39 38 38 2c 20 31 32 32 33 2c 20 38 39 30 2c 20 33 32 2c 20 38,OK,,7387,13,17990,False
C:\Users\herre\PycharmProjects\TFG_INFO\data\interim\tokenized_finetuning_v2\Mozart_Wolfgang_Amadeus_Piano_Sonata_No.20_in_C_minor_8ZyxKd_18G4__tr0__ts1p050.json,41558,7b 22 69 64 73 22 3a 20 5b 31 32 39 38 38 2c 20 31 32 32 33 2c 20 38 39 30 2c 20 33 32 2c 20 38,OK,,7393,13,17907,False
C:\Users\herre\PycharmProjects\TFG_INFO\data\interim\tokenized_finetuning_v2\Mozart_Wolfgang_Amadeus_Piano_Sonata_No.2_in_F_major_K.280_189e_J9866zX07iw__tr+1__ts0p975.json,73028,7b 22 69 64 73 22 3a 20 5b 32 31 31 32 2c 20 37 37 36 2c 20 32 34 38 34 2c 20 36 38 34 2c 20 37,OK,,12819,7,17996,False
C:\Users\herre\PycharmProjects\TFG_INFO\data\interim\tokenized_finetuning_v2\Mozart_Wolfgang_Amadeus_Piano_Sonata_No.2_in_F_major_K.280_189e_J9866zX07iw__tr+2__ts1p050.json,74778,7b 22 69 64 73 22 3a 20 5b 32 36 34 33 2c 20 37 37 36 2c 20 32 39 31 36 2c 20 36 38 34 2c 20 31,OK,,13163,11,17984,False
C:\Users\herre\PycharmProjects\TFG_INFO\data\interim\tokenized_finetuning_v2\Mozart_Wolfgang_Amadeus_Piano_Sonata_No.2_in_F_major_K.280_189e_J9866zX07iw__tr-1__ts0p975.json,72848,7b 22 69 64 73 22 3a 20 5b 32 35 38 35 2c 20 37 37 36 2c 20 31 37 36 2c 20 32 35 31 38 2c 20 38,OK,,12765,5,17969,False
C:\Users\herre\PycharmProjects\TFG_INFO\data\interim\tokenized_finetuning_v2\Mozart_Wolfgang_Amadeus_Piano_Sonata_No.2_in_F_major_K.280_189e_J9866zX07iw__tr0__ts0p975.json,74301,7b 22 69 64 73 22 3a 20 5b 32 39 36 34 2c 20 37 37 36 2c 20 33 30 34 30 2c 20 36 38 34 2c 20 31,OK,,13079,6,17980,False
C:\Users\herre\PycharmProjects\TFG_INFO\data\interim\tokenized_finetuning_v2\Mozart_Wolfgang_Amadeus_Piano_Sonata_No.2_in_F_major_K.280_189e_J9866zX07iw__tr0__ts1p000.json,74413,7b 22 69 64 73 22 3a 20 5b 32 39 36 34 2c 20 37 37 36 2c 20 33 30 34 30 2c 20 36 38 34 2c 20 31,OK,,13100,6,17939,False
C:\Users\herre\PycharmProjects\TFG_INFO\data\interim\tokenized_finetuning_v2\Mozart_Wolfgang_Amadeus_Piano_Sonata_No.2_in_F_major_K.280_189e_J9866zX07iw__tr0__ts1p050.json,74772,7b 22 69 64 73 22 3a 20 5b 32 39 36 34 2c 20 37 37 36 2c 20 33 30 34 30 2c 20 36 38 34 2c 20 31,OK,,13161,6,17914,False
C:\Users\herre\PycharmProjects\TFG_INFO\data\interim\tokenized_finetuning_v2\Mozart_Wolfgang_Amadeus_Piano_Sonata_No.3_in_B-flat_major_K.281_189f_-QFbj1id5fE__tr+2__ts1p000.json,25751,7b 22 69 64 73 22 3a 20 5b 31 31 31 37 2c 20 37 33 36 2c 20 36 38 31 35 2c 20 36 39 33 36 2c 20,OK,,4512,20,17992,False
C:\Users\herre\PycharmProjects\TFG_INFO\data\interim\tokenized_finetuning_v2\Mozart_Wolfgang_Amadeus_Piano_Sonata_No.3_in_B-flat_major_K.281_189f_-QFbj1id5fE__tr-1__ts0p950.json,26113,7b 22 69 64 73 22 3a 20 5b 31 37 30 32 2c 20 37 33 37 2c 20 36 35 32 32 2c 20 35 36 32 30 2c 20,OK,,4592,17,17980,False
C:\Users\herre\PycharmProjects\TFG_INFO\data\interim\tokenized_finetuning_v2\Mozart_Wolfgang_Amadeus_Piano_Sonata_No.3_in_B-flat_major_K.281_189f_-QFbj1id5fE__tr-1__ts0p975.json,26090,7b 22 69 64 73 22 3a 20 5b 31 37 30 32 2c 20 37 33 36 2c 20 37 30 32 30 2c 20 35 36 32 30 2c 20,OK,,4590,17,17978,False
C:\Users\herre\PycharmProjects\TFG_INFO\data\interim\tokenized_finetuning_v2\Mozart_Wolfgang_Amadeus_Piano_Sonata_No.3_in_B-flat_major_K.281_189f_-QFbj1id5fE__tr-2__ts1p000.json,26286,7b 22 69 64 73 22 3a 20 5b 31 31 33 32 2c 20 37 33 36 2c 20 39 39 35 39 2c 20 37 36 34 33 2c 20,OK,,4629,16,17992,False
C:\Users\herre\PycharmProjects\TFG_INFO\data\interim\tokenized_finetuning_v2\Mozart_Wolfgang_Amadeus_Piano_Sonata_No.3_in_B-flat_major_K.281_189f_-QFbj1id5fE__tr-3__ts1p000.json,25809,7b 22 69 64 73 22 3a 20 5b 31 34 31 35 2c 20 37 33 36 2c 20 37 32 30 31 2c 20 35 36 32 36 2c 20,OK,,4530,15,17992,False
C:\Users\herre\PycharmProjects\TFG_INFO\data\interim\tokenized_finetuning_v2\Mozart_Wolfgang_Amadeus_Piano_Sonata_No.3_in_B-flat_major_K.281_189f_-QFbj1id5fE__tr0__ts1p000.json,25995,7b 22 69 64 73 22 3a 20 5b 31 30 38 37 2c 20 37 33 36 2c 20 39 30 39 39 2c 20 37 37 31 37 2c 20,OK,,4564,18,17992,False
C:\Users\herre\PycharmProjects\TFG_INFO\data\interim\tokenized_finetuning_v2\Mozart_Wolfgang_Amadeus_Piano_Sonata_No.4_in_E-flat_major_K.282_189g_-GWwHu5MJP4__tr+1__ts1p000.json,46468,7b 22 69 64 73 22 3a 20 5b 31 33 32 38 2c 20 31 32 35 38 2c 20 35 38 36 30 2c 20 33 30 35 35 2c,OK,,8217,31,17952,False
C:\Users\herre\PycharmProjects\TFG_INFO\data\interim\tokenized_finetuning_v2\Mozart_Wolfgang_Amadeus_Piano_Sonata_No.4_in_E-flat_major_K.282_189g_-GWwHu5MJP4__tr+2__ts1p000.json,45487,7b 22 69 64 73 22 3a 20 5b 31 31 33 39 2c 20 31 32 35 38 2c 20 34 30 34 38 2c 20 33 30 35 35 2c,OK,,7997,32,17984,False
C:\Users\herre\PycharmProjects\TFG_INFO\data\interim\tokenized_finetuning_v2\Mozart_Wolfgang_Amadeus_Piano_Sonata_No.4_in_E-flat_major_K.282_189g_-GWwHu5MJP4__tr+3__ts0p950.json,46741,7b 22 69 64 73 22 3a 20 5b 31 37 37 36 2c 20 31 30 34 35 2c 20 35 35 34 33 2c 20 32 39 30 30 2c,OK,,8303,31,17999,False
C:\Users\herre\PycharmProjects\TFG_INFO\data\interim\tokenized_finetuning_v2\Mozart_Wolfgang_Amadeus_Piano_Sonata_No.4_in_E-flat_major_K.282_189g_-GWwHu5MJP4__tr-2__ts1p025.json,46361,7b 22 69 64 73 22 3a 20 5b 31 36 39 34 2c 20 31 31 34 37 2c 20 34 33 33 39 2c 20 33 30 35 35 2c,OK,,8194,26,17975,False
C:\Users\herre\PycharmProjects\TFG_INFO\data\interim\tokenized_finetuning_v2\Mozart_Wolfgang_Amadeus_Piano_Sonata_No.4_in_E-flat_major_K.282_189g_-GWwHu5MJP4__tr-3__ts1p050.json,45004,7b 22 69 64 73 22 3a 20 5b 31 30 32 36 2c 20 31 31 34 37 2c 20 34 30 39 39 2c 20 32 38 35 30 2c,OK,,7887,25,17990,False
C:\Users\herre\PycharmProjects\TFG_INFO\data\interim\tokenized_finetuning_v2\Mozart_Wolfgang_Amadeus_Piano_Sonata_No.4_in_E-flat_major_K.282_189g_-GWwHu5MJP4__tr0__ts1p000.json,45754,7b 22 69 64 73 22 3a 20 5b 31 34 39 37 2c 20 31 32 35 38 2c 20 34 30 34 32 2c 20 33 30 35 35 2c,OK,,8058,30,17976,False
C:\Users\herre\PycharmProjects\TFG_INFO\data\interim\tokenized_finetuning_v2\Mozart_Wolfgang_Amadeus_Piano_Sonata_No.5_in_G_major_K.283_189h_0rnJu1rlm90__tr+1__ts1p050.json,62643,7b 22 69 64 73 22 3a 20 5b 31 37 39 35 2c 20 37 31 37 30 2c 20 31 33 32 33 2c 20 36 39 32 2c 20,OK,,11061,18,17995,False
C:\Users\herre\PycharmProjects\TFG_INFO\data\interim\tokenized_finetuning_v2\Mozart_Wolfgang_Amadeus_Piano_Sonata_No.5_in_G_major_K.283_189h_0rnJu1rlm90__tr-1__ts0p975.json,62432,7b 22 69 64 73 22 3a 20 5b 31 37 37 36 2c 20 36 38 37 2c 20 31 38 32 35 2c 20 37 39 37 2c 20 31,OK,,11020,16,17990,False
C:\Users\herre\PycharmProjects\TFG_INFO\data\interim\tokenized_finetuning_v2\Mozart_Wolfgang_Amadeus_Piano_Sonata_No.5_in_G_major_K.283_189h_0rnJu1rlm90__tr-1__ts1p000.json,62624,7b 22 69 64 73 22 3a 20 5b 31 37 37 36 2c 20 36 38 37 2c 20 31 38 32 35 2c 20 39 34 31 2c 20 31,OK,,11056,18,17990,False
C:\Users\herre\PycharmProjects\TFG_INFO\data\interim\tokenized_finetuning_v2\Mozart_Wolfgang_Amadeus_Piano_Sonata_No.5_in_G_major_K.283_189h_0rnJu1rlm90__tr-3__ts0p975.json,61956,7b 22 69 64 73 22 3a 20 5b 31 33 32 38 2c 20 36 38 37 2c 20 32 30 32 32 2c 20 37 39 37 2c 20 31,OK,,10911,14,17950,False
C:\Users\herre\PycharmProjects\TFG_INFO\data\interim\tokenized_finetuning_v2\Mozart_Wolfgang_Amadeus_Piano_Sonata_No.5_in_G_major_K.283_189h_0rnJu1rlm90__tr0__ts0p950.json,60987,7b 22 69 64 73 22 3a 20 5b 31 31 32 30 2c 20 36 38 37 2c 20 31 35 37 37 2c 20 37 39 37 2c 20 31,OK,,10719,17,17978,False
C:\Users\herre\PycharmProjects\TFG_INFO\data\interim\tokenized_finetuning_v2\Mozart_Wolfgang_Amadeus_Piano_Sonata_No.5_in_G_major_K.283_189h_0rnJu1rlm90__tr0__ts1p000.json,61198,7b 22 69 64 73 22 3a 20 5b 31 31 32 30 2c 20 36 38 37 2c 20 31 35 37 37 2c 20 39 34 31 2c 20 31,OK,,10763,19,17992,False
C:\Users\herre\PycharmProjects\TFG_INFO\data\interim\tokenized_finetuning_v2\Mozart_Wolfgang_Amadeus_Piano_Sonata_No.6_in_D_major_K.284_205b_6TJTGOj03cU__tr+1__ts0p950.json,149930,7b 22 69 64 73 22 3a 20 5b 32 38 32 31 2c 20 37 31 35 2c 20 34 30 39 39 2c 20 37 34 37 2c 20 36,OK,,26264,19,17990,False
C:\Users\herre\PycharmProjects\TFG_INFO\data\interim\tokenized_finetuning_v2\Mozart_Wolfgang_Amadeus_Piano_Sonata_No.6_in_D_major_K.284_205b_6TJTGOj03cU__tr+1__ts1p025.json,150862,7b 22 69 64 73 22 3a 20 5b 32 38 32 31 2c 20 37 38 34 2c 20 34 30 39 39 2c 20 37 37 35 2c 20 36,OK,,26461,16,17992,False
C:\Users\herre\PycharmProjects\TFG_INFO\data\interim\tokenized_finetuning_v2\Mozart_Wolfgang_Amadeus_Piano_Sonata_No.6_in_D_major_K.284_205b_6TJTGOj03cU__tr+1__ts1p050.json,151299,7b 22 69 64 73 22 3a 20 5b 32 38 32 31 2c 20 37 38 34 2c 20 34 30 39 39 2c 20 37 37 35 2c 20 38,OK,,26557,19,17933,False
C:\Users\herre\PycharmProjects\TFG_INFO\data\interim\tokenized_finetuning_v2\Mozart_Wolfgang_Amadeus_Piano_Sonata_No.6_in_D_major_K.284_205b_6TJTGOj03cU__tr+3__ts1p000.json,151741,7b 22 69 64 73 22 3a 20 5b 32 39 36 34 2c 20 37 38 34 2c 20 35 34 37 32 2c 20 37 34 37 2c 20 37,OK,,26674,21,17992,False
C:\Users\herre\PycharmProjects\TFG_INFO\data\interim\tokenized_finetuning_v2\Mozart_Wolfgang_Amadeus_Piano_Sonata_No.6_in_D_major_K.284_205b_6TJTGOj03cU__tr-3__ts0p975.json,146181,7b 22 69 64 73 22 3a 20 5b 33 33 31 35 2c 20 31 30 39 35 33 2c 20 34 37 35 34 2c 20 34 32 31 30,OK,,25481,14,17996,False
C:\Users\herre\PycharmProjects\TFG_INFO\data\interim\tokenized_finetuning_v2\Mozart_Wolfgang_Amadeus_Piano_Sonata_No.6_in_D_major_K.284_205b_6TJTGOj03cU__tr0__ts1p000.json,149191,7b 22 69 64 73 22 3a 20 5b 33 34 35 36 2c 20 37 38 34 2c 20 34 34 30 37 2c 20 37 34 37 2c 20 34,OK,,26118,18,17992,False
C:\Users\herre\PycharmProjects\TFG_INFO\data\interim\tokenized_finetuning_v2\Mozart_Wolfgang_Amadeus_Piano_Sonata_No.7_in_C_major_K.309_284b_7QgT4_e8PTg__tr+2__ts1p025.json,79983,7b 22 69 64 73 22 3a 20 5b 31 30 38 37 2c 20 36 39 32 2c 20 31 30 33 38 33 2c 20 35 34 37 32 2c,OK,,14061,17,17996,False
C:\Users\herre\PycharmProjects\TFG_INFO\data\interim\tokenized_finetuning_v2\Mozart_Wolfgang_Amadeus_Piano_Sonata_No.7_in_C_major_K.309_284b_7QgT4_e8PTg__tr+2__ts1p050.json,80259,7b 22 69 64 73 22 3a 20 5b 31 30 38 37 2c 20 36 39 32 2c 20 31 30 33 38 33 2c 20 35 34 37 32 2c,OK,,14123,17,17954,False
C:\Users\herre\PycharmProjects\TFG_INFO\data\interim\tokenized_finetuning_v2\Mozart_Wolfgang_Amadeus_Piano_Sonata_No.7_in_C_major_K.309_284b_7QgT4_e8PTg__tr-1__ts0p975.json,81170,7b 22 69 64 73 22 3a 20 5b 31 34 31 35 2c 20 36 39 32 2c 20 31 36 38 34 37 2c 20 34 34 30 37 2c,OK,,14310,14,17990,False
C:\Users\herre\PycharmProjects\TFG_INFO\data\interim\tokenized_finetuning_v2\Mozart_Wolfgang_Amadeus_Piano_Sonata_No.7_in_C_major_K.309_284b_7QgT4_e8PTg__tr-1__ts1p050.json,81603,7b 22 69 64 73 22 3a 20 5b 31 34 31 35 2c 20 36 39 32 2c 20 31 37 33 32 32 2c 20 34 34 30 37 2c,OK,,14405,14,17980,False
C:\Users\herre\PycharmProjects\TFG_INFO\data\interim\tokenized_finetuning_v2\Mozart_Wolfgang_Amadeus_Piano_Sonata_No.7_in_C_major_K.309_284b_7QgT4_e8PTg__tr0__ts1p000.json,78964,7b 22 69 64 73 22 3a 20 5b 31 31 33 32 2c 20 36 39 32 2c 20 31 31 39 39 36 2c 20 34 30 39 39 2c,OK,,13840,15,17990,False
C:\Users\herre\PycharmProjects\TFG_INFO\data\interim\tokenized_finetuning_v2\Mozart_Wolfgang_Amadeus_Piano_Sonata_No.7_in_C_major_K.309_284b_7QgT4_e8PTg__tr0__ts1p025.json,79204,7b 22 69 64 73 22 3a 20 5b 31 31 33 32 2c 20 36 39 32 2c 20 31 31 39 39 36 2c 20 34 30 39 39 2c,OK,,13888,15,17976,False
C:\Users\herre\PycharmProjects\TFG_INFO\data\interim\tokenized_finetuning_v2\Mozart_Wolfgang_Amadeus_Piano_Sonata_No.8_in_A_minor_K.310_300d_fRgxY8VUOz8__tr+1__ts1p050.json,138962,7b 22 69 64 73 22 3a 20 5b 31 38 31 33 2c 20 37 38 31 2c 20 35 38 36 32 2c 20 33 34 34 39 2c 20,OK,,24396,7,17992,False
C:\Users\herre\PycharmProjects\TFG_INFO\data\interim\tokenized_finetuning_v2\Mozart_Wolfgang_Amadeus_Piano_Sonata_No.8_in_A_minor_K.310_300d_fRgxY8VUOz8__tr+2__ts1p000.json,138827,7b 22 69 64 73 22 3a 20 5b 32 30 38 37 2c 20 37 37 30 2c 20 34 35 35 33 2c 20 34 36 33 33 2c 20,OK,,24381,8,17973,False
C:\Users\herre\PycharmProjects\TFG_INFO\data\interim\tokenized_finetuning_v2\Mozart_Wolfgang_Amadeus_Piano_Sonata_No.8_in_A_minor_K.310_300d_fRgxY8VUOz8__tr+2__ts1p050.json,139464,7b 22 69 64 73 22 3a 20 5b 32 30 38 37 2c 20 37 38 31 2c 20 34 36 37 30 2c 20 34 36 33 33 2c 20,OK,,24521,8,17992,False
C:\Users\herre\PycharmProjects\TFG_INFO\data\interim\tokenized_finetuning_v2\Mozart_Wolfgang_Amadeus_Piano_Sonata_No.8_in_A_minor_K.310_300d_fRgxY8VUOz8__tr-1__ts1p025.json,137720,7b 22 69 64 73 22 3a 20 5b 31 37 39 35 2c 20 37 38 31 2c 20 34 33 31 36 2c 20 33 35 34 34 2c 20,OK,,24144,5,17980,False
C:\Users\herre\PycharmProjects\TFG_INFO\data\interim\tokenized_finetuning_v2\Mozart_Wolfgang_Amadeus_Piano_Sonata_No.8_in_A_minor_K.310_300d_fRgxY8VUOz8__tr0__ts1p000.json,139747,7b 22 69 64 73 22 3a 20 5b 31 33 32 35 2c 20 37 37 30 2c 20 34 36 34 33 2c 20 34 35 34 34 2c 20,OK,,24564,6,17973,False
C:\Users\herre\PycharmProjects\TFG_INFO\data\interim\tokenized_finetuning_v2\Mozart_Wolfgang_Amadeus_Piano_Sonata_No.8_in_A_minor_K.310_300d_fRgxY8VUOz8__tr0__ts1p025.json,140143,7b 22 69 64 73 22 3a 20 5b 31 33 32 35 2c 20 37 38 31 2c 20 34 36 34 33 2c 20 34 35 34 34 2c 20,OK,,24636,6,17990,False
C:\Users\herre\PycharmProjects\TFG_INFO\data\interim\tokenized_finetuning_v2\Mozart_Wolfgang_Amadeus_Piano_Sonata_No.9_in_D_major_K.311_284c_49oiE8Tj1UU__tr+1__ts0p975.json,76521,7b 22 69 64 73 22 3a 20 5b 33 34 35 36 2c 20 37 34 35 2c 20 37 33 37 31 2c 20 37 30 37 2c 20 32,OK,,13464,18,17970,False
C:\Users\herre\PycharmProjects\TFG_INFO\data\interim\tokenized_finetuning_v2\Mozart_Wolfgang_Amadeus_Piano_Sonata_No.9_in_D_major_K.311_284c_49oiE8Tj1UU__tr+1__ts1p025.json,76783,7b 22 69 64 73 22 3a 20 5b 33 34 35 36 2c 20 37 34 35 2c 20 37 33 37 31 2c 20 37 30 37 2c 20 32,OK,,13525,18,17999,False
C:\Users\herre\PycharmProjects\TFG_INFO\data\interim\tokenized_finetuning_v2\Mozart_Wolfgang_Amadeus_Piano_Sonata_No.9_in_D_major_K.311_284c_49oiE8Tj1UU__tr+2__ts1p025.json,77019,7b 22 69 64 73 22 3a 20 5b 32 38 32 31 2c 20 37 34 35 2c 20 36 37 38 33 2c 20 37 30 37 2c 20 32,OK,,13552,16,17984,False
C:\Users\herre\PycharmProjects\TFG_INFO\data\interim\tokenized_finetuning_v2\Mozart_Wolfgang_Amadeus_Piano_Sonata_No.9_in_D_major_K.311_284c_49oiE8Tj1UU__tr-1__ts0p950.json,76783,7b 22 69 64 73 22 3a 20 5b 34 31 32 36 2c 20 37 34 35 2c 20 39 31 31 35 2c 20 37 30 37 2c 20 33,OK,,13516,13,17934,False
C:\Users\herre\PycharmProjects\TFG_INFO\data\interim\tokenized_finetuning_v2\Mozart_Wolfgang_Amadeus_Piano_Sonata_No.9_in_D_major_K.311_284c_49oiE8Tj1UU__tr0__ts1p000.json,75440,7b 22 69 64 73 22 3a 20 5b 32 39 35 31 2c 20 37 34 35 2c 20 35 37 38 35 2c 20 37 30 37 2c 20 32,OK,,13223,14,17984,False
C:\Users\herre\PycharmProjects\TFG_INFO\data\interim\tokenized_finetuning_v2\Mozart_Wolfgang_Amadeus_Piano_Sonata_No.9_in_D_major_K.311_284c_49oiE8Tj1UU__tr0__ts1p050.json,75821,7b 22 69 64 73 22 3a 20 5b 32 39 35 31 2c 20 37 34 38 2c 20 35 37 38 35 2c 20 37 31 32 2c 20 32,OK,,13295,14,17984,False
C:\Users\herre\PycharmProjects\TFG_INFO\data\interim\tokenized_finetuning_v2\Mozart_Wolfgang_Amadeus_Sonata_for_2_Pianos_in_D_major_K.448_375a_tT9gT5bqi6Y.part2__tr+1__ts1p025.json,74304,7b 22 69 64 73 22 3a 20 5b 36 36 38 2c 20 36 30 31 2c 20 31 38 39 32 2c 20 32 34 31 32 2c 20 39,OK,,13229,7,17994,False
C:\Users\herre\PycharmProjects\TFG_INFO\data\interim\tokenized_finetuning_v2\Mozart_Wolfgang_Amadeus_Sonata_for_2_Pianos_in_D_major_K.448_375a_tT9gT5bqi6Y.part2__tr+2__ts0p950.json,73384,7b 22 69 64 73 22 3a 20 5b 36 36 38 2c 20 36 30 30 2c 20 36 36 36 2c 20 31 32 31 39 2c 20 38 37,OK,,13039,10,17959,False
C:\Users\herre\PycharmProjects\TFG_INFO\data\interim\tokenized_finetuning_v2\Mozart_Wolfgang_Amadeus_Sonata_for_2_Pianos_in_D_major_K.448_375a_tT9gT5bqi6Y.part2__tr+3__ts0p975.json,74079,7b 22 69 64 73 22 3a 20 5b 36 36 38 2c 20 36 30 30 2c 20 31 31 33 38 2c 20 31 39 36 38 2c 20 38,OK,,13195,11,17970,False
C:\Users\herre\PycharmProjects\TFG_INFO\data\interim\tokenized_finetuning_v2\Mozart_Wolfgang_Amadeus_Sonata_for_2_Pianos_in_D_major_K.448_375a_tT9gT5bqi6Y.part2__tr+3__ts1p050.json,74545,7b 22 69 64 73 22 3a 20 5b 36 36 38 2c 20 36 30 31 2c 20 33 35 36 35 2c 20 32 31 35 33 2c 20 39,OK,,13296,11,17992,False
C:\Users\herre\PycharmProjects\TFG_INFO\data\interim\tokenized_finetuning_v2\Mozart_Wolfgang_Amadeus_Sonata_for_2_Pianos_in_D_major_K.448_375a_tT9gT5bqi6Y.part2__tr-1__ts0p975.json,73822,7b 22 69 64 73 22 3a 20 5b 36 36 38 2c 20 36 30 30 2c 20 31 31 33 38 2c 20 31 39 30 32 2c 20 38,OK,,13177,5,17964,False
C:\Users\herre\PycharmProjects\TFG_INFO\data\interim\tokenized_finetuning_v2\Mozart_Wolfgang_Amadeus_Sonata_for_2_Pianos_in_D_major_K.448_375a_tT9gT5bqi6Y.part2__tr0__ts1p000.json,73572,7b 22 69 64 73 22 3a 20 5b 36 36 38 2c 20 36 30 31 2c 20 31 30 30 39 2c 20 35 38 2c 20 39 30 35,OK,,13108,6,17984,False
C:\Users\herre\PycharmProjects\TFG_INFO\data\interim\tokenized_finetuning_v2\Mozart_Wolfgang_Amadeus_Sonata_for_2_Pianos_in_D_major_K.448_375a_tT9gT5bqi6Y__tr+1__ts0p950.json,45007,7b 22 69 64 73 22 3a 20 5b 36 37 31 2c 20 36 37 38 36 2c 20 32 34 2c 20 38 38 38 2c 20 32 30 33,OK,,7955,7,17992,False
C:\Users\herre\PycharmProjects\TFG_INFO\data\interim\tokenized_finetuning_v2\Mozart_Wolfgang_Amadeus_Sonata_for_2_Pianos_in_D_major_K.448_375a_tT9gT5bqi6Y__tr+1__ts1p000.json,45297,7b 22 69 64 73 22 3a 20 5b 36 37 31 2c 20 36 37 38 36 2c 20 32 34 2c 20 39 31 38 2c 20 32 30 35,OK,,8011,7,17917,False
C:\Users\herre\PycharmProjects\TFG_INFO\data\interim\tokenized_finetuning_v2\Mozart_Wolfgang_Amadeus_Sonata_for_2_Pianos_in_D_major_K.448_375a_tT9gT5bqi6Y__tr+3__ts1p025.json,45436,7b 22 69 64 73 22 3a 20 5b 36 37 31 2c 20 36 30 36 30 2c 20 32 36 2c 20 39 32 32 2c 20 31 34 31,OK,,8029,9,17970,False
C:\Users\herre\PycharmProjects\TFG_INFO\data\interim\tokenized_finetuning_v2\Mozart_Wolfgang_Amadeus_Sonata_for_2_Pianos_in_D_major_K.448_375a_tT9gT5bqi6Y__tr-1__ts0p975.json,45245,7b 22 69 64 73 22 3a 20 5b 36 37 31 2c 20 38 33 34 32 2c 20 32 32 2c 20 39 31 38 2c 20 32 30 34,OK,,8019,5,17970,False
C:\Users\herre\PycharmProjects\TFG_INFO\data\interim\tokenized_finetuning_v2\Mozart_Wolfgang_Amadeus_Sonata_for_2_Pianos_in_D_major_K.448_375a_tT9gT5bqi6Y__tr-1__ts1p025.json,45491,7b 22 69 64 73 22 3a 20 5b 36 37 31 2c 20 38 33 34 32 2c 20 32 32 2c 20 39 32 32 2c 20 36 37 31,OK,,8062,5,17989,False
C:\Users\herre\PycharmProjects\TFG_INFO\data\interim\tokenized_finetuning_v2\Mozart_Wolfgang_Amadeus_Sonata_for_2_Pianos_in_D_major_K.448_375a_tT9gT5bqi6Y__tr0__ts1p000.json,44736,7b 22 69 64 73 22 3a 20 5b 36 37 31 2c 20 39 30 31 39 2c 20 32 33 2c 20 39 31 38 2c 20 32 30 35,OK,,7886,6,17980,False
C:\Users\herre\PycharmProjects\TFG_INFO\data\interim\tokenized_finetuning_v2\Mozart_Wolfgang_Amadeus_Sonata_for_Piano_Four-Hands_in_B-flat_major_K.358_186c_Cv4LiOYmFEk__tr+1__ts0p950.json,74982,7b 22 69 64 73 22 3a 20 5b 32 35 32 30 2c 20 37 35 31 2c 20 31 34 39 38 38 2c 20 36 37 33 39 2c,OK,,13232,12,17984,False
C:\Users\herre\PycharmProjects\TFG_INFO\data\interim\tokenized_finetuning_v2\Mozart_Wolfgang_Amadeus_Sonata_for_Piano_Four-Hands_in_B-flat_major_K.358_186c_Cv4LiOYmFEk__tr+1__ts0p975.json,75262,7b 22 69 64 73 22 3a 20 5b 32 35 32 30 2c 20 37 36 30 2c 20 31 37 30 35 30 2c 20 37 31 34 31 2c,OK,,13297,12,17984,False
C:\Users\herre\PycharmProjects\TFG_INFO\data\interim\tokenized_finetuning_v2\Mozart_Wolfgang_Amadeus_Sonata_for_Piano_Four-Hands_in_B-flat_major_K.358_186c_Cv4LiOYmFEk__tr-1__ts0p975.json,74420,7b 22 69 64 73 22 3a 20 5b 32 30 33 33 2c 20 37 36 30 2c 20 31 33 36 35 31 2c 20 36 37 32 36 2c,OK,,13116,9,17994,False
C:\Users\herre\PycharmProjects\TFG_INFO\data\interim\tokenized_finetuning_v2\Mozart_Wolfgang_Amadeus_Sonata_for_Piano_Four-Hands_in_B-flat_major_K.358_186c_Cv4LiOYmFEk__tr-2__ts0p950.json,74613,7b 22 69 64 73 22 3a 20 5b 32 33 35 31 2c 20 37 35 31 2c 20 32 38 2c 20 37 36 36 2c 20 38 36 37,OK,,13173,9,17999,False
C:\Users\herre\PycharmProjects\TFG_INFO\data\interim\tokenized_finetuning_v2\Mozart_Wolfgang_Amadeus_Sonata_for_Piano_Four-Hands_in_B-flat_major_K.358_186c_Cv4LiOYmFEk__tr0__ts0p975.json,74054,7b 22 69 64 73 22 3a 20 5b 32 36 32 34 2c 20 37 36 30 2c 20 31 36 36 37 38 2c 20 37 38 35 32 2c,OK,,13047,11,17966,False
C:\Users\herre\PycharmProjects\TFG_INFO\data\interim\tokenized_finetuning_v2\Mozart_Wolfgang_Amadeus_Sonata_for_Piano_Four-Hands_in_B-flat_major_K.358_186c_Cv4LiOYmFEk__tr0__ts1p000.json,74267,7b 22 69 64 73 22 3a 20 5b 32 36 32 34 2c 20 37 36 30 2c 20 31 36 36 37 38 2c 20 37 38 35 32 2c,OK,,13082,11,17969,False
C:\Users\herre\PycharmProjects\TFG_INFO\data\interim\tokenized_finetuning_v2\Mozart_Wolfgang_Amadeus_Sonata_for_Piano_Four-Hands_in_C_major_K.19d_oTJDS1dprLg__tr+1__ts0p975.json,69432,7b 22 69 64 73 22 3a 20 5b 32 33 31 30 2c 20 37 35 32 2c 20 32 31 2c 20 37 33 30 2c 20 35 31 33,OK,,12352,14,17970,False
C:\Users\herre\PycharmProjects\TFG_INFO\data\interim\tokenized_finetuning_v2\Mozart_Wolfgang_Amadeus_Sonata_for_Piano_Four-Hands_in_C_major_K.19d_oTJDS1dprLg__tr+2__ts0p975.json,68196,7b 22 69 64 73 22 3a 20 5b 31 34 36 37 2c 20 37 35 32 2c 20 31 34 34 38 38 2c 20 35 38 39 38 2c,OK,,12080,15,17996,False
C:\Users\herre\PycharmProjects\TFG_INFO\data\interim\tokenized_finetuning_v2\Mozart_Wolfgang_Amadeus_Sonata_for_Piano_Four-Hands_in_C_major_K.19d_oTJDS1dprLg__tr-1__ts1p000.json,69339,7b 22 69 64 73 22 3a 20 5b 32 32 34 39 2c 20 37 35 32 2c 20 31 39 2c 20 37 33 37 2c 20 36 32 39,OK,,12323,12,17990,False
C:\Users\herre\PycharmProjects\TFG_INFO\data\interim\tokenized_finetuning_v2\Mozart_Wolfgang_Amadeus_Sonata_for_Piano_Four-Hands_in_C_major_K.19d_oTJDS1dprLg__tr-2__ts0p975.json,68266,7b 22 69 64 73 22 3a 20 5b 32 33 34 38 2c 20 37 35 32 2c 20 31 38 2c 20 37 33 30 2c 20 34 32 31,OK,,12075,11,17970,False
C:\Users\herre\PycharmProjects\TFG_INFO\data\interim\tokenized_finetuning_v2\Mozart_Wolfgang_Amadeus_Sonata_for_Piano_Four-Hands_in_C_major_K.19d_oTJDS1dprLg__tr-3__ts1p025.json,68770,7b 22 69 64 73 22 3a 20 5b 32 30 31 39 2c 20 37 34 39 2c 20 31 37 2c 20 37 33 37 2c 20 36 31 37,OK,,12185,10,17989,False
C:\Users\herre\PycharmProjects\TFG_INFO\data\interim\tokenized_finetuning_v2\Mozart_Wolfgang_Amadeus_Sonata_for_Piano_Four-Hands_in_C_major_K.19d_oTJDS1dprLg__tr0__ts1p000.json,67975,7b 22 69 64 73 22 3a 20 5b 31 36 38 30 2c 20 37 35 32 2c 20 32 30 2c 20 37 33 37 2c 20 35 32 37,OK,,11994,13,17982,False
C:\Users\herre\PycharmProjects\TFG_INFO\data\interim\tokenized_finetuning_v2\Mozart_Wolfgang_Amadeus_Sonata_for_Piano_Four-Hands_in_D_major_K.381_123a_zklTQOUOboY__tr+1__ts0p975.json,79072,7b 22 69 64 73 22 3a 20 5b 31 32 32 38 32 2c 20 32 37 32 32 2c 20 37 30 30 2c 20 33 37 30 34 2c,OK,,14092,10,17970,False
C:\Users\herre\PycharmProjects\TFG_INFO\data\interim\tokenized_finetuning_v2\Mozart_Wolfgang_Amadeus_Sonata_for_Piano_Four-Hands_in_D_major_K.381_123a_zklTQOUOboY__tr+2__ts0p950.json,78660,7b 22 69 64 73 22 3a 20 5b 31 31 32 34 32 2c 20 32 34 37 36 2c 20 31 32 39 37 34 2c 20 33 35 32,OK,,13962,11,17994,False
C:\Users\herre\PycharmProjects\TFG_INFO\data\interim\tokenized_finetuning_v2\Mozart_Wolfgang_Amadeus_Sonata_for_Piano_Four-Hands_in_D_major_K.381_123a_zklTQOUOboY__tr+3__ts0p975.json,78189,7b 22 69 64 73 22 3a 20 5b 31 32 32 38 32 2c 20 32 36 36 31 2c 20 31 36 32 34 34 2c 20 33 32 39,OK,,13857,12,17984,False
C:\Users\herre\PycharmProjects\TFG_INFO\data\interim\tokenized_finetuning_v2\Mozart_Wolfgang_Amadeus_Sonata_for_Piano_Four-Hands_in_D_major_K.381_123a_zklTQOUOboY__tr-3__ts0p950.json,79609,7b 22 69 64 73 22 3a 20 5b 31 31 32 34 32 2c 20 32 30 31 35 2c 20 31 35 30 32 35 2c 20 33 31 39,OK,,14300,6,17984,False
C:\Users\herre\PycharmProjects\TFG_INFO\data\interim\tokenized_finetuning_v2\Mozart_Wolfgang_Amadeus_Sonata_for_Piano_Four-Hands_in_D_major_K.381_123a_zklTQOUOboY__tr-3__ts1p025.json,80268,7b 22 69 64 73 22 3a 20 5b 31 32 32 38 32 2c 20 32 31 36 32 2c 20 31 35 32 30 31 2c 20 33 34 31,OK,,14421,6,17984,False
C:\Users\herre\PycharmProjects\TFG_INFO\data\interim\tokenized_finetuning_v2\Mozart_Wolfgang_Amadeus_Sonata_for_Piano_Four-Hands_in_D_major_K.381_123a_zklTQOUOboY__tr0__ts1p000.json,78646,7b 22 69 64 73 22 3a 20 5b 31 32 32 38 32 2c 20 32 31 32 37 2c 20 37 30 30 2c 20 32 39 30 31 2c,OK,,13980,9,17956,False
C:\Users\herre\PycharmProjects\TFG_INFO\data\interim\tokenized_finetuning_v2\Mozart_Wolfgang_Amadeus_Sonata_for_Piano_Four-Hands_in_F_major_K.497_t2Aodlo8uKU__tr+3__ts0p950.json,133041,7b 22 69 64 73 22 3a 20 5b 31 30 39 31 39 2c 20 32 35 37 31 2c 20 38 34 33 2c 20 39 30 38 38 2c,OK,,23410,16,17996,False
C:\Users\herre\PycharmProjects\TFG_INFO\data\interim\tokenized_finetuning_v2\Mozart_Wolfgang_Amadeus_Sonata_for_Piano_Four-Hands_in_F_major_K.497_t2Aodlo8uKU__tr-2__ts0p975.json,132908,7b 22 69 64 73 22 3a 20 5b 31 30 39 31 39 2c 20 32 30 38 30 2c 20 38 34 33 2c 20 38 38 34 31 2c,OK,,23429,10,17996,False
C:\Users\herre\PycharmProjects\TFG_INFO\data\interim\tokenized_finetuning_v2\Mozart_Wolfgang_Amadeus_Sonata_for_Piano_Four-Hands_in_F_major_K.497_t2Aodlo8uKU__tr-2__ts1p025.json,133646,7b 22 69 64 73 22 3a 20 5b 31 30 39 31 39 2c 20 32 30 38 30 2c 20 38 38 39 2c 20 39 39 37 37 2c,OK,,23576,10,17977,False
C:\Users\herre\PycharmProjects\TFG_INFO\data\interim\tokenized_finetuning_v2\Mozart_Wolfgang_Amadeus_Sonata_for_Piano_Four-Hands_in_F_major_K.497_t2Aodlo8uKU__tr-3__ts0p950.json,131615,7b 22 69 64 73 22 3a 20 5b 31 30 39 31 39 2c 20 31 34 30 35 2c 20 38 34 33 2c 20 35 39 38 35 2c,OK,,23150,9,17996,False
C:\Users\herre\PycharmProjects\TFG_INFO\data\interim\tokenized_finetuning_v2\Mozart_Wolfgang_Amadeus_Sonata_for_Piano_Four-Hands_in_F_major_K.497_t2Aodlo8uKU__tr-3__ts1p050.json,133119,7b 22 69 64 73 22 3a 20 5b 31 30 39 31 39 2c 20 31 34 30 35 2c 20 38 39 39 2c 20 37 32 31 39 2c,OK,,23454,9,17997,False
C:\Users\herre\PycharmProjects\TFG_INFO\data\interim\tokenized_finetuning_v2\Mozart_Wolfgang_Amadeus_Sonata_for_Piano_Four-Hands_in_F_major_K.497_t2Aodlo8uKU__tr0__ts1p000.json,131941,7b 22 69 64 73 22 3a 20 5b 31 30 39 31 39 2c 20 32 31 34 36 2c 20 38 38 39 2c 20 38 31 33 36 2c,OK,,23178,13,17991,False
C:\Users\herre\PycharmProjects\TFG_INFO\data\interim\tokenized_finetuning_v2\Mozart_Wolfgang_Amadeus_Sonata_Movement_for_Two_Pianos_K.Anh.42_375b_4oY3lP_i9iA__tr+2__ts1p000.json,68007,7b 22 69 64 73 22 3a 20 5b 31 31 39 33 35 2c 20 31 33 32 33 2c 20 31 33 38 35 2c 20 32 35 37 35,OK,,11964,15,17950,False
C:\Users\herre\PycharmProjects\TFG_INFO\data\interim\tokenized_finetuning_v2\Mozart_Wolfgang_Amadeus_Sonata_Movement_for_Two_Pianos_K.Anh.42_375b_4oY3lP_i9iA__tr-1__ts1p025.json,68648,7b 22 69 64 73 22 3a 20 5b 31 30 30 35 38 2c 20 31 30 32 30 2c 20 31 33 38 35 2c 20 31 36 34 31,OK,,12113,12,17963,False
C:\Users\herre\PycharmProjects\TFG_INFO\data\interim\tokenized_finetuning_v2\Mozart_Wolfgang_Amadeus_Sonata_Movement_for_Two_Pianos_K.Anh.42_375b_4oY3lP_i9iA__tr-3__ts1p025.json,68350,7b 22 69 64 73 22 3a 20 5b 31 30 30 35 38 2c 20 31 30 32 39 2c 20 31 33 38 35 2c 20 31 33 38 37,OK,,12051,10,17996,False
C:\Users\herre\PycharmProjects\TFG_INFO\data\interim\tokenized_finetuning_v2\Mozart_Wolfgang_Amadeus_Sonata_Movement_for_Two_Pianos_K.Anh.42_375b_4oY3lP_i9iA__tr0__ts0p950.json,68092,7b 22 69 64 73 22 3a 20 5b 31 31 39 33 35 2c 20 31 37 37 39 2c 20 31 32 35 33 2c 20 36 36 2c 20,OK,,11980,13,17996,False
C:\Users\herre\PycharmProjects\TFG_INFO\data\interim\tokenized_finetuning_v2\Mozart_Wolfgang_Amadeus_Sonata_Movement_for_Two_Pianos_K.Anh.42_375b_4oY3lP_i9iA__tr0__ts1p000.json,68371,7b 22 69 64 73 22 3a 20 5b 31 31 39 33 35 2c 20 31 37 37 39 2c 20 31 33 38 35 2c 20 32 36 30 39,OK,,12052,13,17957,False
C:\Users\herre\PycharmProjects\TFG_INFO\data\interim\tokenized_finetuning_v2\Mozart_Wolfgang_Amadeus_Sonata_Movement_for_Two_Pianos_K.Anh.42_375b_4oY3lP_i9iA__tr0__ts1p025.json,68491,7b 22 69 64 73 22 3a 20 5b 31 30 30 35 38 2c 20 31 35 30 33 2c 20 31 33 38 35 2c 20 36 36 2c 20,OK,,12056,13,17996,False
C:\Users\herre\PycharmProjects\TFG_INFO\data\interim\tokenized_finetuning_v2\Mozart_Wolfgang_Amadeus_Sonata_Movement_in_B-flat_major_K.Anh.43_375c_cAIp75te5-s__tr+1__ts1p000.json,38263,7b 22 69 64 73 22 3a 20 5b 31 34 31 35 2c 20 37 32 32 2c 20 38 30 39 37 2c 20 37 34 34 30 2c 20,OK,,6655,14,17942,False
C:\Users\herre\PycharmProjects\TFG_INFO\data\interim\tokenized_finetuning_v2\Mozart_Wolfgang_Amadeus_Sonata_Movement_in_B-flat_major_K.Anh.43_375c_cAIp75te5-s__tr+2__ts1p000.json,37498,7b 22 69 64 73 22 3a 20 5b 31 31 33 32 2c 20 37 32 32 2c 20 36 30 37 31 2c 20 37 31 33 38 2c 20,OK,,6504,15,17955,False
C:\Users\herre\PycharmProjects\TFG_INFO\data\interim\tokenized_finetuning_v2\Mozart_Wolfgang_Amadeus_Sonata_Movement_in_B-flat_major_K.Anh.43_375c_cAIp75te5-s__tr-2__ts1p000.json,37940,7b 22 69 64 73 22 3a 20 5b 31 36 38 35 2c 20 37 32 32 2c 20 31 30 34 30 37 2c 20 37 39 37 36 2c,OK,,6600,11,17954,False
C:\Users\herre\PycharmProjects\TFG_INFO\data\interim\tokenized_finetuning_v2\Mozart_Wolfgang_Amadeus_Sonata_Movement_in_B-flat_major_K.Anh.43_375c_cAIp75te5-s__tr-3__ts0p975.json,37421,7b 22 69 64 73 22 3a 20 5b 31 31 35 31 2c 20 37 32 32 2c 20 38 38 33 33 2c 20 35 37 33 30 2c 20,OK,,6487,10,17996,False
C:\Users\herre\PycharmProjects\TFG_INFO\data\interim\tokenized_finetuning_v2\Mozart_Wolfgang_Amadeus_Sonata_Movement_in_B-flat_major_K.Anh.43_375c_cAIp75te5-s__tr0__ts0p950.json,37371,7b 22 69 64 73 22 3a 20 5b 31 35 33 34 2c 20 37 32 32 2c 20 38 38 31 30 2c 20 38 33 31 32 2c 20,OK,,6475,13,17952,False
C:\Users\herre\PycharmProjects\TFG_INFO\data\interim\tokenized_finetuning_v2\Mozart_Wolfgang_Amadeus_Sonata_Movement_in_B-flat_major_K.Anh.43_375c_cAIp75te5-s__tr0__ts1p000.json,37542,7b 22 69 64 73 22 3a 20 5b 31 35 33 34 2c 20 37 32 32 2c 20 38 38 31 30 2c 20 38 33 30 37 2c 20,OK,,6512,13,17980,False
