path_original,status,transpose,stretch,path_aug,detail
"..\..\data\finetuning_v2\finetuning_sonatas_clean\Mozart, Wolfgang Amadeus, Piano Sonata in B-flat major, K.498a, ExBZgS0fQ9I.mid",OK,0,1.0,..\..\data\finetuning_v2\finetuning_sonatas_aug\Mozart_Wolfgang_Amadeus_Piano_Sonata_in_B-flat_major_K.498a_ExBZgS0fQ9I__tr0__ts1p000.mid,
"..\..\data\finetuning_v2\finetuning_sonatas_clean\Mozart, Wolfgang Amadeus, Piano Sonata in B-flat major, K.498a, ExBZgS0fQ9I.mid",OK,0,1.05,..\..\data\finetuning_v2\finetuning_sonatas_aug\Mozart_Wolfgang_Amadeus_Piano_Sonata_in_B-flat_major_K.498a_ExBZgS0fQ9I__tr0__ts1p050.mid,
"..\..\data\finetuning_v2\finetuning_sonatas_clean\Mozart, Wolfgang Amadeus, Piano Sonata in B-flat major, K.498a, ExBZgS0fQ9I.mid",OK,2,1.0,..\..\data\finetuning_v2\finetuning_sonatas_aug\Mozart_Wolfgang_Amadeus_Piano_Sonata_in_B-flat_major_K.498a_ExBZgS0fQ9I__tr+2__ts1p000.mid,
"..\..\data\finetuning_v2\finetuning_sonatas_clean\Mozart, Wolfgang Amadeus, Piano Sonata in B-flat major, K.498a, ExBZgS0fQ9I.mid",OK,3,0.975,..\..\data\finetuning_v2\finetuning_sonatas_aug\Mozart_Wolfgang_Amadeus_Piano_Sonata_in_B-flat_major_K.498a_ExBZgS0fQ9I__tr+3__ts0p975.mid,
"..\..\data\finetuning_v2\finetuning_sonatas_clean\Mozart, Wolfgang Amadeus, Piano Sonata in B-flat major, K.498a, ExBZgS0fQ9I.mid",OK,-1,1.0,..\..\data\finetuning_v2\finetuning_sonatas_aug\Mozart_Wolfgang_Amadeus_Piano_Sonata_in_B-flat_major_K.498a_ExBZgS0fQ9I__tr-1__ts1p000.mid,
"..\..\data\finetuning_v2\finetuning_sonatas_clean\Mozart, Wolfgang Amadeus, Piano Sonata in B-flat major, K.498a, ExBZgS0fQ9I.mid",OK,1,1.05,..\..\data\finetuning_v2\finetuning_sonatas_aug\Mozart_Wolfgang_Amadeus_Piano_Sonata_in_B-flat_major_K.498a_ExBZgS0fQ9I__tr+1__ts1p050.mid,
"..\..\data\finetuning_v2\finetuning_sonatas_clean\Mozart, Wolfgang Amadeus, Piano Sonata in F major, K.Anh.135_547a, ePsbF5NJrcI.mid",OK,0,1.0,..\..\data\finetuning_v2\finetuning_sonatas_aug\Mozart_Wolfgang_Amadeus_Piano_Sonata_in_F_major_K.Anh.135_547a_ePsbF5NJrcI__tr0__ts1p000.mid,
"..\..\data\finetuning_v2\finetuning_sonatas_clean\Mozart, Wolfgang Amadeus, Piano Sonata in F major, K.Anh.135_547a, ePsbF5NJrcI.mid",OK,-3,1.0,..\..\data\finetuning_v2\finetuning_sonatas_aug\Mozart_Wolfgang_Amadeus_Piano_Sonata_in_F_major_K.Anh.135_547a_ePsbF5NJrcI__tr-3__ts1p000.mid,
"..\..\data\finetuning_v2\finetuning_sonatas_clean\Mozart, Wolfgang Amadeus, Piano Sonata in F major, K.Anh.135_547a, ePsbF5NJrcI.mid",OK,1,1.0,..\..\data\finetuning_v2\finetuning_sonatas_aug\Mozart_Wolfgang_Amadeus_Piano_Sonata_in_F_major_K.Anh.135_547a_ePsbF5NJrcI__tr+1__ts1p000.mid,
"..\..\data\finetuning_v2\finetuning_sonatas_clean\Mozart, Wolfgang Amadeus, Piano Sonata in F major, K.Anh.135_547a, ePsbF5NJrcI.mid",OK,0,1.05,..\..\data\finetuning_v2\finetuning_sonatas_aug\Mozart_Wolfgang_Amadeus_Piano_Sonata_in_F_major_K.Anh.135_547a_ePsbF5NJrcI__tr0__ts1p050.mid,
"..\..\data\finetuning_v2\finetuning_sonatas_clean\Mozart, Wolfgang Amadeus, Piano Sonata in F major, K.Anh.135_547a, ePsbF5NJrcI.mid",OK,-2,0.95,..\..\data\finetuning_v2\finetuning_sonatas_aug\Mozart_Wolfgang_Amadeus_Piano_Sonata_in_F_major_K.Anh.135_547a_ePsbF5NJrcI__tr-2__ts0p950.mid,
"..\..\data\finetuning_v2\finetuning_sonatas_clean\Mozart, Wolfgang Amadeus, Piano Sonata in F major, K.Anh.135_547a, ePsbF5NJrcI.mid",OK,-2,1.025,..\..\data\finetuning_v2\finetuning_sonatas_aug\Mozart_Wolfgang_Amadeus_Piano_Sonata_in_F_major_K.Anh.135_547a_ePsbF5NJrcI__tr-2__ts1p025.mid,
"..\..\data\finetuning_v2\finetuning_sonatas_clean\Mozart, Wolfgang Amadeus, Piano Sonata No.1 in C major, K.279_189d, ZixdOZh7zo4.mid",OK,0,1.0,..\..\data\finetuning_v2\finetuning_sonatas_aug\Mozart_Wolfgang_Amadeus_Piano_Sonata_No.1_in_C_major_K.279_189d_ZixdOZh7zo4__tr0__ts1p000.mid,
"..\..\data\finetuning_v2\finetuning_sonatas_clean\Mozart, Wolfgang Amadeus, Piano Sonata No.1 in C major, K.279_189d, ZixdOZh7zo4.mid",OK,1,1.0,..\..\data\finetuning_v2\finetuning_sonatas_aug\Mozart_Wolfgang_Amadeus_Piano_Sonata_No.1_in_C_major_K.279_189d_ZixdOZh7zo4__tr+1__ts1p000.mid,
"..\..\data\finetuning_v2\finetuning_sonatas_clean\Mozart, Wolfgang Amadeus, Piano Sonata No.1 in C major, K.279_189d, ZixdOZh7zo4.mid",OK,-2,1.025,..\..\data\finetuning_v2\finetuning_sonatas_aug\Mozart_Wolfgang_Amadeus_Piano_Sonata_No.1_in_C_major_K.279_189d_ZixdOZh7zo4__tr-2__ts1p025.mid,
"..\..\data\finetuning_v2\finetuning_sonatas_clean\Mozart, Wolfgang Amadeus, Piano Sonata No.1 in C major, K.279_189d, ZixdOZh7zo4.mid",OK,0,1.025,..\..\data\finetuning_v2\finetuning_sonatas_aug\Mozart_Wolfgang_Amadeus_Piano_Sonata_No.1_in_C_major_K.279_189d_ZixdOZh7zo4__tr0__ts1p025.mid,
"..\..\data\finetuning_v2\finetuning_sonatas_clean\Mozart, Wolfgang Amadeus, Piano Sonata No.1 in C major, K.279_189d, ZixdOZh7zo4.mid",OK,-3,0.975,..\..\data\finetuning_v2\finetuning_sonatas_aug\Mozart_Wolfgang_Amadeus_Piano_Sonata_No.1_in_C_major_K.279_189d_ZixdOZh7zo4__tr-3__ts0p975.mid,
"..\..\data\finetuning_v2\finetuning_sonatas_clean\Mozart, Wolfgang Amadeus, Piano Sonata No.1 in C major, K.279_189d, ZixdOZh7zo4.mid",OK,2,0.95,..\..\data\finetuning_v2\finetuning_sonatas_aug\Mozart_Wolfgang_Amadeus_Piano_Sonata_No.1_in_C_major_K.279_189d_ZixdOZh7zo4__tr+2__ts0p950.mid,
"..\..\data\finetuning_v2\finetuning_sonatas_clean\Mozart, Wolfgang Amadeus, Piano Sonata No.11 in A major, K.331_300i, vp_h649sZ9A.mid",OK,0,1.0,..\..\data\finetuning_v2\finetuning_sonatas_aug\Mozart_Wolfgang_Amadeus_Piano_Sonata_No.11_in_A_major_K.331_300i_vp_h649sZ9A__tr0__ts1p000.mid,
"..\..\data\finetuning_v2\finetuning_sonatas_clean\Mozart, Wolfgang Amadeus, Piano Sonata No.11 in A major, K.331_300i, vp_h649sZ9A.mid",OK,3,0.975,..\..\data\finetuning_v2\finetuning_sonatas_aug\Mozart_Wolfgang_Amadeus_Piano_Sonata_No.11_in_A_major_K.331_300i_vp_h649sZ9A__tr+3__ts0p975.mid,
"..\..\data\finetuning_v2\finetuning_sonatas_clean\Mozart, Wolfgang Amadeus, Piano Sonata No.11 in A major, K.331_300i, vp_h649sZ9A.mid",OK,2,1.0,..\..\data\finetuning_v2\finetuning_sonatas_aug\Mozart_Wolfgang_Amadeus_Piano_Sonata_No.11_in_A_major_K.331_300i_vp_h649sZ9A__tr+2__ts1p000.mid,
"..\..\data\finetuning_v2\finetuning_sonatas_clean\Mozart, Wolfgang Amadeus, Piano Sonata No.11 in A major, K.331_300i, vp_h649sZ9A.mid",OK,-2,1.05,..\..\data\finetuning_v2\finetuning_sonatas_aug\Mozart_Wolfgang_Amadeus_Piano_Sonata_No.11_in_A_major_K.331_300i_vp_h649sZ9A__tr-2__ts1p050.mid,
"..\..\data\finetuning_v2\finetuning_sonatas_clean\Mozart, Wolfgang Amadeus, Piano Sonata No.11 in A major, K.331_300i, vp_h649sZ9A.mid",OK,-3,1.025,..\..\data\finetuning_v2\finetuning_sonatas_aug\Mozart_Wolfgang_Amadeus_Piano_Sonata_No.11_in_A_major_K.331_300i_vp_h649sZ9A__tr-3__ts1p025.mid,
"..\..\data\finetuning_v2\finetuning_sonatas_clean\Mozart, Wolfgang Amadeus, Piano Sonata No.11 in A major, K.331_300i, vp_h649sZ9A.mid",OK,3,0.95,..\..\data\finetuning_v2\finetuning_sonatas_aug\Mozart_Wolfgang_Amadeus_Piano_Sonata_No.11_in_A_major_K.331_300i_vp_h649sZ9A__tr+3__ts0p950.mid,
"..\..\data\finetuning_v2\finetuning_sonatas_clean\Mozart, Wolfgang Amadeus, Piano Sonata No.13 in B-flat major, K.333_315c, 9vLnY5whOO0.mid",OK,0,1.0,..\..\data\finetuning_v2\finetuning_sonatas_aug\Mozart_Wolfgang_Amadeus_Piano_Sonata_No.13_in_B-flat_major_K.333_315c_9vLnY5whOO0__tr0__ts1p000.mid,
"..\..\data\finetuning_v2\finetuning_sonatas_clean\Mozart, Wolfgang Amadeus, Piano Sonata No.13 in B-flat major, K.333_315c, 9vLnY5whOO0.mid",OK,1,0.975,..\..\data\finetuning_v2\finetuning_sonatas_aug\Mozart_Wolfgang_Amadeus_Piano_Sonata_No.13_in_B-flat_major_K.333_315c_9vLnY5whOO0__tr+1__ts0p975.mid,
"..\..\data\finetuning_v2\finetuning_sonatas_clean\Mozart, Wolfgang Amadeus, Piano Sonata No.13 in B-flat major, K.333_315c, 9vLnY5whOO0.mid",OK,-3,0.975,..\..\data\finetuning_v2\finetuning_sonatas_aug\Mozart_Wolfgang_Amadeus_Piano_Sonata_No.13_in_B-flat_major_K.333_315c_9vLnY5whOO0__tr-3__ts0p975.mid,
"..\..\data\finetuning_v2\finetuning_sonatas_clean\Mozart, Wolfgang Amadeus, Piano Sonata No.13 in B-flat major, K.333_315c, 9vLnY5whOO0.mid",OK,-2,0.95,..\..\data\finetuning_v2\finetuning_sonatas_aug\Mozart_Wolfgang_Amadeus_Piano_Sonata_No.13_in_B-flat_major_K.333_315c_9vLnY5whOO0__tr-2__ts0p950.mid,
"..\..\data\finetuning_v2\finetuning_sonatas_clean\Mozart, Wolfgang Amadeus, Piano Sonata No.13 in B-flat major, K.333_315c, 9vLnY5whOO0.mid",OK,3,0.95,..\..\data\finetuning_v2\finetuning_sonatas_aug\Mozart_Wolfgang_Amadeus_Piano_Sonata_No.13_in_B-flat_major_K.333_315c_9vLnY5whOO0__tr+3__ts0p950.mid,
"..\..\data\finetuning_v2\finetuning_sonatas_clean\Mozart, Wolfgang Amadeus, Piano Sonata No.13 in B-flat major, K.333_315c, 9vLnY5whOO0.mid",OK,2,1.0,..\..\data\finetuning_v2\finetuning_sonatas_aug\Mozart_Wolfgang_Amadeus_Piano_Sonata_No.13_in_B-flat_major_K.333_315c_9vLnY5whOO0__tr+2__ts1p000.mid,
"..\..\data\finetuning_v2\finetuning_sonatas_clean\Mozart, Wolfgang Amadeus, Piano Sonata No.14 in C minor, K.457, CKtxbloW-ZQ.mid",OK,0,1.0,..\..\data\finetuning_v2\finetuning_sonatas_aug\Mozart_Wolfgang_Amadeus_Piano_Sonata_No.14_in_C_minor_K.457_CKtxbloW-ZQ__tr0__ts1p000.mid,
"..\..\data\finetuning_v2\finetuning_sonatas_clean\Mozart, Wolfgang Amadeus, Piano Sonata No.14 in C minor, K.457, CKtxbloW-ZQ.mid",OK,-2,1.0,..\..\data\finetuning_v2\finetuning_sonatas_aug\Mozart_Wolfgang_Amadeus_Piano_Sonata_No.14_in_C_minor_K.457_CKtxbloW-ZQ__tr-2__ts1p000.mid,
"..\..\data\finetuning_v2\finetuning_sonatas_clean\Mozart, Wolfgang Amadeus, Piano Sonata No.14 in C minor, K.457, CKtxbloW-ZQ.mid",OK,-1,1.05,..\..\data\finetuning_v2\finetuning_sonatas_aug\Mozart_Wolfgang_Amadeus_Piano_Sonata_No.14_in_C_minor_K.457_CKtxbloW-ZQ__tr-1__ts1p050.mid,
"..\..\data\finetuning_v2\finetuning_sonatas_clean\Mozart, Wolfgang Amadeus, Piano Sonata No.14 in C minor, K.457, CKtxbloW-ZQ.mid",OK,3,1.025,..\..\data\finetuning_v2\finetuning_sonatas_aug\Mozart_Wolfgang_Amadeus_Piano_Sonata_No.14_in_C_minor_K.457_CKtxbloW-ZQ__tr+3__ts1p025.mid,
"..\..\data\finetuning_v2\finetuning_sonatas_clean\Mozart, Wolfgang Amadeus, Piano Sonata No.14 in C minor, K.457, CKtxbloW-ZQ.mid",OK,1,0.95,..\..\data\finetuning_v2\finetuning_sonatas_aug\Mozart_Wolfgang_Amadeus_Piano_Sonata_No.14_in_C_minor_K.457_CKtxbloW-ZQ__tr+1__ts0p950.mid,
"..\..\data\finetuning_v2\finetuning_sonatas_clean\Mozart, Wolfgang Amadeus, Piano Sonata No.14 in C minor, K.457, CKtxbloW-ZQ.mid",OK,1,1.05,..\..\data\finetuning_v2\finetuning_sonatas_aug\Mozart_Wolfgang_Amadeus_Piano_Sonata_No.14_in_C_minor_K.457_CKtxbloW-ZQ__tr+1__ts1p050.mid,
"..\..\data\finetuning_v2\finetuning_sonatas_clean\Mozart, Wolfgang Amadeus, Piano Sonata No.15 in F major, K.533_494, tk9fa1CTY9k.mid",OK,0,1.0,..\..\data\finetuning_v2\finetuning_sonatas_aug\Mozart_Wolfgang_Amadeus_Piano_Sonata_No.15_in_F_major_K.533_494_tk9fa1CTY9k__tr0__ts1p000.mid,
"..\..\data\finetuning_v2\finetuning_sonatas_clean\Mozart, Wolfgang Amadeus, Piano Sonata No.15 in F major, K.533_494, tk9fa1CTY9k.mid",OK,-3,1.05,..\..\data\finetuning_v2\finetuning_sonatas_aug\Mozart_Wolfgang_Amadeus_Piano_Sonata_No.15_in_F_major_K.533_494_tk9fa1CTY9k__tr-3__ts1p050.mid,
"..\..\data\finetuning_v2\finetuning_sonatas_clean\Mozart, Wolfgang Amadeus, Piano Sonata No.15 in F major, K.533_494, tk9fa1CTY9k.mid",OK,-2,1.025,..\..\data\finetuning_v2\finetuning_sonatas_aug\Mozart_Wolfgang_Amadeus_Piano_Sonata_No.15_in_F_major_K.533_494_tk9fa1CTY9k__tr-2__ts1p025.mid,
"..\..\data\finetuning_v2\finetuning_sonatas_clean\Mozart, Wolfgang Amadeus, Piano Sonata No.15 in F major, K.533_494, tk9fa1CTY9k.mid",OK,1,0.95,..\..\data\finetuning_v2\finetuning_sonatas_aug\Mozart_Wolfgang_Amadeus_Piano_Sonata_No.15_in_F_major_K.533_494_tk9fa1CTY9k__tr+1__ts0p950.mid,
"..\..\data\finetuning_v2\finetuning_sonatas_clean\Mozart, Wolfgang Amadeus, Piano Sonata No.15 in F major, K.533_494, tk9fa1CTY9k.mid",OK,-1,0.975,..\..\data\finetuning_v2\finetuning_sonatas_aug\Mozart_Wolfgang_Amadeus_Piano_Sonata_No.15_in_F_major_K.533_494_tk9fa1CTY9k__tr-1__ts0p975.mid,
"..\..\data\finetuning_v2\finetuning_sonatas_clean\Mozart, Wolfgang Amadeus, Piano Sonata No.15 in F major, K.533_494, tk9fa1CTY9k.mid",OK,1,1.025,..\..\data\finetuning_v2\finetuning_sonatas_aug\Mozart_Wolfgang_Amadeus_Piano_Sonata_No.15_in_F_major_K.533_494_tk9fa1CTY9k__tr+1__ts1p025.mid,
"..\..\data\finetuning_v2\finetuning_sonatas_clean\Mozart, Wolfgang Amadeus, Piano Sonata No.16 in C major, K.545, qjk-YRuQZDE.mid",OK,0,1.0,..\..\data\finetuning_v2\finetuning_sonatas_aug\Mozart_Wolfgang_Amadeus_Piano_Sonata_No.16_in_C_major_K.545_qjk-YRuQZDE__tr0__ts1p000.mid,
"..\..\data\finetuning_v2\finetuning_sonatas_clean\Mozart, Wolfgang Amadeus, Piano Sonata No.16 in C major, K.545, qjk-YRuQZDE.mid",OK,2,0.95,..\..\data\finetuning_v2\finetuning_sonatas_aug\Mozart_Wolfgang_Amadeus_Piano_Sonata_No.16_in_C_major_K.545_qjk-YRuQZDE__tr+2__ts0p950.mid,
"..\..\data\finetuning_v2\finetuning_sonatas_clean\Mozart, Wolfgang Amadeus, Piano Sonata No.16 in C major, K.545, qjk-YRuQZDE.mid",OK,1,1.0,..\..\data\finetuning_v2\finetuning_sonatas_aug\Mozart_Wolfgang_Amadeus_Piano_Sonata_No.16_in_C_major_K.545_qjk-YRuQZDE__tr+1__ts1p000.mid,
"..\..\data\finetuning_v2\finetuning_sonatas_clean\Mozart, Wolfgang Amadeus, Piano Sonata No.16 in C major, K.545, qjk-YRuQZDE.mid",OK,2,1.05,..\..\data\finetuning_v2\finetuning_sonatas_aug\Mozart_Wolfgang_Amadeus_Piano_Sonata_No.16_in_C_major_K.545_qjk-YRuQZDE__tr+2__ts1p050.mid,
"..\..\data\finetuning_v2\finetuning_sonatas_clean\Mozart, Wolfgang Amadeus, Piano Sonata No.16 in C major, K.545, qjk-YRuQZDE.mid",OK,3,1.05,..\..\data\finetuning_v2\finetuning_sonatas_aug\Mozart_Wolfgang_Amadeus_Piano_Sonata_No.16_in_C_major_K.545_qjk-YRuQZDE__tr+3__ts1p050.mid,
"..\..\data\finetuning_v2\finetuning_sonatas_clean\Mozart, Wolfgang Amadeus, Piano Sonata No.16 in C major, K.545, qjk-YRuQZDE.mid",OK,0,1.05,..\..\data\finetuning_v2\finetuning_sonatas_aug\Mozart_Wolfgang_Amadeus_Piano_Sonata_No.16_in_C_major_K.545_qjk-YRuQZDE__tr0__ts1p050.mid,
"..\..\data\finetuning_v2\finetuning_sonatas_clean\Mozart, Wolfgang Amadeus, Piano Sonata No.17 in B-flat major, K.570, kVwEkgQ3dPs.mid",OK,0,1.0,..\..\data\finetuning_v2\finetuning_sonatas_aug\Mozart_Wolfgang_Amadeus_Piano_Sonata_No.17_in_B-flat_major_K.570_kVwEkgQ3dPs__tr0__ts1p000.mid,
"..\..\data\finetuning_v2\finetuning_sonatas_clean\Mozart, Wolfgang Amadeus, Piano Sonata No.17 in B-flat major, K.570, kVwEkgQ3dPs.mid",OK,0,0.95,..\..\data\finetuning_v2\finetuning_sonatas_aug\Mozart_Wolfgang_Amadeus_Piano_Sonata_No.17_in_B-flat_major_K.570_kVwEkgQ3dPs__tr0__ts0p950.mid,
"..\..\data\finetuning_v2\finetuning_sonatas_clean\Mozart, Wolfgang Amadeus, Piano Sonata No.17 in B-flat major, K.570, kVwEkgQ3dPs.mid",OK,-2,1.05,..\..\data\finetuning_v2\finetuning_sonatas_aug\Mozart_Wolfgang_Amadeus_Piano_Sonata_No.17_in_B-flat_major_K.570_kVwEkgQ3dPs__tr-2__ts1p050.mid,
"..\..\data\finetuning_v2\finetuning_sonatas_clean\Mozart, Wolfgang Amadeus, Piano Sonata No.17 in B-flat major, K.570, kVwEkgQ3dPs.mid",OK,1,1.0,..\..\data\finetuning_v2\finetuning_sonatas_aug\Mozart_Wolfgang_Amadeus_Piano_Sonata_No.17_in_B-flat_major_K.570_kVwEkgQ3dPs__tr+1__ts1p000.mid,
"..\..\data\finetuning_v2\finetuning_sonatas_clean\Mozart, Wolfgang Amadeus, Piano Sonata No.17 in B-flat major, K.570, kVwEkgQ3dPs.mid",OK,-3,1.05,..\..\data\finetuning_v2\finetuning_sonatas_aug\Mozart_Wolfgang_Amadeus_Piano_Sonata_No.17_in_B-flat_major_K.570_kVwEkgQ3dPs__tr-3__ts1p050.mid,
"..\..\data\finetuning_v2\finetuning_sonatas_clean\Mozart, Wolfgang Amadeus, Piano Sonata No.17 in B-flat major, K.570, kVwEkgQ3dPs.mid",OK,0,0.975,..\..\data\finetuning_v2\finetuning_sonatas_aug\Mozart_Wolfgang_Amadeus_Piano_Sonata_No.17_in_B-flat_major_K.570_kVwEkgQ3dPs__tr0__ts0p975.mid,
"..\..\data\finetuning_v2\finetuning_sonatas_clean\Mozart, Wolfgang Amadeus, Piano Sonata No.18 in D major, K.576, TfCzqcW0LqE.mid",OK,0,1.0,..\..\data\finetuning_v2\finetuning_sonatas_aug\Mozart_Wolfgang_Amadeus_Piano_Sonata_No.18_in_D_major_K.576_TfCzqcW0LqE__tr0__ts1p000.mid,
"..\..\data\finetuning_v2\finetuning_sonatas_clean\Mozart, Wolfgang Amadeus, Piano Sonata No.18 in D major, K.576, TfCzqcW0LqE.mid",OK,-1,1.025,..\..\data\finetuning_v2\finetuning_sonatas_aug\Mozart_Wolfgang_Amadeus_Piano_Sonata_No.18_in_D_major_K.576_TfCzqcW0LqE__tr-1__ts1p025.mid,
"..\..\data\finetuning_v2\finetuning_sonatas_clean\Mozart, Wolfgang Amadeus, Piano Sonata No.18 in D major, K.576, TfCzqcW0LqE.mid",OK,-1,1.05,..\..\data\finetuning_v2\finetuning_sonatas_aug\Mozart_Wolfgang_Amadeus_Piano_Sonata_No.18_in_D_major_K.576_TfCzqcW0LqE__tr-1__ts1p050.mid,
"..\..\data\finetuning_v2\finetuning_sonatas_clean\Mozart, Wolfgang Amadeus, Piano Sonata No.18 in D major, K.576, TfCzqcW0LqE.mid",OK,3,1.0,..\..\data\finetuning_v2\finetuning_sonatas_aug\Mozart_Wolfgang_Amadeus_Piano_Sonata_No.18_in_D_major_K.576_TfCzqcW0LqE__tr+3__ts1p000.mid,
"..\..\data\finetuning_v2\finetuning_sonatas_clean\Mozart, Wolfgang Amadeus, Piano Sonata No.18 in D major, K.576, TfCzqcW0LqE.mid",OK,0,0.95,..\..\data\finetuning_v2\finetuning_sonatas_aug\Mozart_Wolfgang_Amadeus_Piano_Sonata_No.18_in_D_major_K.576_TfCzqcW0LqE__tr0__ts0p950.mid,
"..\..\data\finetuning_v2\finetuning_sonatas_clean\Mozart, Wolfgang Amadeus, Piano Sonata No.18 in D major, K.576, TfCzqcW0LqE.mid",OK,-2,0.975,..\..\data\finetuning_v2\finetuning_sonatas_aug\Mozart_Wolfgang_Amadeus_Piano_Sonata_No.18_in_D_major_K.576_TfCzqcW0LqE__tr-2__ts0p975.mid,
"..\..\data\finetuning_v2\finetuning_sonatas_clean\Mozart, Wolfgang Amadeus, Piano Sonata No.2 in F major, K.280_189e, J9866zX07iw.mid",OK,0,1.0,..\..\data\finetuning_v2\finetuning_sonatas_aug\Mozart_Wolfgang_Amadeus_Piano_Sonata_No.2_in_F_major_K.280_189e_J9866zX07iw__tr0__ts1p000.mid,
"..\..\data\finetuning_v2\finetuning_sonatas_clean\Mozart, Wolfgang Amadeus, Piano Sonata No.2 in F major, K.280_189e, J9866zX07iw.mid",OK,0,1.05,..\..\data\finetuning_v2\finetuning_sonatas_aug\Mozart_Wolfgang_Amadeus_Piano_Sonata_No.2_in_F_major_K.280_189e_J9866zX07iw__tr0__ts1p050.mid,
"..\..\data\finetuning_v2\finetuning_sonatas_clean\Mozart, Wolfgang Amadeus, Piano Sonata No.2 in F major, K.280_189e, J9866zX07iw.mid",OK,-1,0.975,..\..\data\finetuning_v2\finetuning_sonatas_aug\Mozart_Wolfgang_Amadeus_Piano_Sonata_No.2_in_F_major_K.280_189e_J9866zX07iw__tr-1__ts0p975.mid,
"..\..\data\finetuning_v2\finetuning_sonatas_clean\Mozart, Wolfgang Amadeus, Piano Sonata No.2 in F major, K.280_189e, J9866zX07iw.mid",OK,2,1.05,..\..\data\finetuning_v2\finetuning_sonatas_aug\Mozart_Wolfgang_Amadeus_Piano_Sonata_No.2_in_F_major_K.280_189e_J9866zX07iw__tr+2__ts1p050.mid,
"..\..\data\finetuning_v2\finetuning_sonatas_clean\Mozart, Wolfgang Amadeus, Piano Sonata No.2 in F major, K.280_189e, J9866zX07iw.mid",OK,1,0.975,..\..\data\finetuning_v2\finetuning_sonatas_aug\Mozart_Wolfgang_Amadeus_Piano_Sonata_No.2_in_F_major_K.280_189e_J9866zX07iw__tr+1__ts0p975.mid,
"..\..\data\finetuning_v2\finetuning_sonatas_clean\Mozart, Wolfgang Amadeus, Piano Sonata No.2 in F major, K.280_189e, J9866zX07iw.mid",OK,0,0.975,..\..\data\finetuning_v2\finetuning_sonatas_aug\Mozart_Wolfgang_Amadeus_Piano_Sonata_No.2_in_F_major_K.280_189e_J9866zX07iw__tr0__ts0p975.mid,
"..\..\data\finetuning_v2\finetuning_sonatas_clean\Mozart, Wolfgang Amadeus, Piano Sonata No.20 in C minor, 8ZyxKd_18G4.mid",OK,0,1.0,..\..\data\finetuning_v2\finetuning_sonatas_aug\Mozart_Wolfgang_Amadeus_Piano_Sonata_No.20_in_C_minor_8ZyxKd_18G4__tr0__ts1p000.mid,
"..\..\data\finetuning_v2\finetuning_sonatas_clean\Mozart, Wolfgang Amadeus, Piano Sonata No.20 in C minor, 8ZyxKd_18G4.mid",OK,2,1.025,..\..\data\finetuning_v2\finetuning_sonatas_aug\Mozart_Wolfgang_Amadeus_Piano_Sonata_No.20_in_C_minor_8ZyxKd_18G4__tr+2__ts1p025.mid,
"..\..\data\finetuning_v2\finetuning_sonatas_clean\Mozart, Wolfgang Amadeus, Piano Sonata No.20 in C minor, 8ZyxKd_18G4.mid",OK,0,1.05,..\..\data\finetuning_v2\finetuning_sonatas_aug\Mozart_Wolfgang_Amadeus_Piano_Sonata_No.20_in_C_minor_8ZyxKd_18G4__tr0__ts1p050.mid,
"..\..\data\finetuning_v2\finetuning_sonatas_clean\Mozart, Wolfgang Amadeus, Piano Sonata No.20 in C minor, 8ZyxKd_18G4.mid",OK,1,0.95,..\..\data\finetuning_v2\finetuning_sonatas_aug\Mozart_Wolfgang_Amadeus_Piano_Sonata_No.20_in_C_minor_8ZyxKd_18G4__tr+1__ts0p950.mid,
"..\..\data\finetuning_v2\finetuning_sonatas_clean\Mozart, Wolfgang Amadeus, Piano Sonata No.20 in C minor, 8ZyxKd_18G4.mid",OK,-1,1.05,..\..\data\finetuning_v2\finetuning_sonatas_aug\Mozart_Wolfgang_Amadeus_Piano_Sonata_No.20_in_C_minor_8ZyxKd_18G4__tr-1__ts1p050.mid,
"..\..\data\finetuning_v2\finetuning_sonatas_clean\Mozart, Wolfgang Amadeus, Piano Sonata No.20 in C minor, 8ZyxKd_18G4.mid",OK,2,0.95,..\..\data\finetuning_v2\finetuning_sonatas_aug\Mozart_Wolfgang_Amadeus_Piano_Sonata_No.20_in_C_minor_8ZyxKd_18G4__tr+2__ts0p950.mid,
"..\..\data\finetuning_v2\finetuning_sonatas_clean\Mozart, Wolfgang Amadeus, Piano Sonata No.3 in B-flat major, K.281_189f, -QFbj1id5fE.mid",OK,0,1.0,..\..\data\finetuning_v2\finetuning_sonatas_aug\Mozart_Wolfgang_Amadeus_Piano_Sonata_No.3_in_B-flat_major_K.281_189f_-QFbj1id5fE__tr0__ts1p000.mid,
"..\..\data\finetuning_v2\finetuning_sonatas_clean\Mozart, Wolfgang Amadeus, Piano Sonata No.3 in B-flat major, K.281_189f, -QFbj1id5fE.mid",OK,-1,0.975,..\..\data\finetuning_v2\finetuning_sonatas_aug\Mozart_Wolfgang_Amadeus_Piano_Sonata_No.3_in_B-flat_major_K.281_189f_-QFbj1id5fE__tr-1__ts0p975.mid,
"..\..\data\finetuning_v2\finetuning_sonatas_clean\Mozart, Wolfgang Amadeus, Piano Sonata No.3 in B-flat major, K.281_189f, -QFbj1id5fE.mid",OK,-1,0.95,..\..\data\finetuning_v2\finetuning_sonatas_aug\Mozart_Wolfgang_Amadeus_Piano_Sonata_No.3_in_B-flat_major_K.281_189f_-QFbj1id5fE__tr-1__ts0p950.mid,
"..\..\data\finetuning_v2\finetuning_sonatas_clean\Mozart, Wolfgang Amadeus, Piano Sonata No.3 in B-flat major, K.281_189f, -QFbj1id5fE.mid",OK,-2,1.0,..\..\data\finetuning_v2\finetuning_sonatas_aug\Mozart_Wolfgang_Amadeus_Piano_Sonata_No.3_in_B-flat_major_K.281_189f_-QFbj1id5fE__tr-2__ts1p000.mid,
"..\..\data\finetuning_v2\finetuning_sonatas_clean\Mozart, Wolfgang Amadeus, Piano Sonata No.3 in B-flat major, K.281_189f, -QFbj1id5fE.mid",OK,2,1.0,..\..\data\finetuning_v2\finetuning_sonatas_aug\Mozart_Wolfgang_Amadeus_Piano_Sonata_No.3_in_B-flat_major_K.281_189f_-QFbj1id5fE__tr+2__ts1p000.mid,
"..\..\data\finetuning_v2\finetuning_sonatas_clean\Mozart, Wolfgang Amadeus, Piano Sonata No.3 in B-flat major, K.281_189f, -QFbj1id5fE.mid",OK,-3,1.0,..\..\data\finetuning_v2\finetuning_sonatas_aug\Mozart_Wolfgang_Amadeus_Piano_Sonata_No.3_in_B-flat_major_K.281_189f_-QFbj1id5fE__tr-3__ts1p000.mid,
"..\..\data\finetuning_v2\finetuning_sonatas_clean\Mozart, Wolfgang Amadeus, Piano Sonata No.4 in E-flat major, K.282_189g, -GWwHu5MJP4.mid",OK,0,1.0,..\..\data\finetuning_v2\finetuning_sonatas_aug\Mozart_Wolfgang_Amadeus_Piano_Sonata_No.4_in_E-flat_major_K.282_189g_-GWwHu5MJP4__tr0__ts1p000.mid,
"..\..\data\finetuning_v2\finetuning_sonatas_clean\Mozart, Wolfgang Amadeus, Piano Sonata No.4 in E-flat major, K.282_189g, -GWwHu5MJP4.mid",OK,-3,1.05,..\..\data\finetuning_v2\finetuning_sonatas_aug\Mozart_Wolfgang_Amadeus_Piano_Sonata_No.4_in_E-flat_major_K.282_189g_-GWwHu5MJP4__tr-3__ts1p050.mid,
"..\..\data\finetuning_v2\finetuning_sonatas_clean\Mozart, Wolfgang Amadeus, Piano Sonata No.4 in E-flat major, K.282_189g, -GWwHu5MJP4.mid",OK,1,1.0,..\..\data\finetuning_v2\finetuning_sonatas_aug\Mozart_Wolfgang_Amadeus_Piano_Sonata_No.4_in_E-flat_major_K.282_189g_-GWwHu5MJP4__tr+1__ts1p000.mid,
"..\..\data\finetuning_v2\finetuning_sonatas_clean\Mozart, Wolfgang Amadeus, Piano Sonata No.4 in E-flat major, K.282_189g, -GWwHu5MJP4.mid",OK,-2,1.025,..\..\data\finetuning_v2\finetuning_sonatas_aug\Mozart_Wolfgang_Amadeus_Piano_Sonata_No.4_in_E-flat_major_K.282_189g_-GWwHu5MJP4__tr-2__ts1p025.mid,
"..\..\data\finetuning_v2\finetuning_sonatas_clean\Mozart, Wolfgang Amadeus, Piano Sonata No.4 in E-flat major, K.282_189g, -GWwHu5MJP4.mid",OK,3,0.95,..\..\data\finetuning_v2\finetuning_sonatas_aug\Mozart_Wolfgang_Amadeus_Piano_Sonata_No.4_in_E-flat_major_K.282_189g_-GWwHu5MJP4__tr+3__ts0p950.mid,
"..\..\data\finetuning_v2\finetuning_sonatas_clean\Mozart, Wolfgang Amadeus, Piano Sonata No.4 in E-flat major, K.282_189g, -GWwHu5MJP4.mid",OK,2,1.0,..\..\data\finetuning_v2\finetuning_sonatas_aug\Mozart_Wolfgang_Amadeus_Piano_Sonata_No.4_in_E-flat_major_K.282_189g_-GWwHu5MJP4__tr+2__ts1p000.mid,
"..\..\data\finetuning_v2\finetuning_sonatas_clean\Mozart, Wolfgang Amadeus, Piano Sonata No.5 in G major, K.283_189h, 0rnJu1rlm90.mid",OK,0,1.0,..\..\data\finetuning_v2\finetuning_sonatas_aug\Mozart_Wolfgang_Amadeus_Piano_Sonata_No.5_in_G_major_K.283_189h_0rnJu1rlm90__tr0__ts1p000.mid,
"..\..\data\finetuning_v2\finetuning_sonatas_clean\Mozart, Wolfgang Amadeus, Piano Sonata No.5 in G major, K.283_189h, 0rnJu1rlm90.mid",OK,0,0.95,..\..\data\finetuning_v2\finetuning_sonatas_aug\Mozart_Wolfgang_Amadeus_Piano_Sonata_No.5_in_G_major_K.283_189h_0rnJu1rlm90__tr0__ts0p950.mid,
"..\..\data\finetuning_v2\finetuning_sonatas_clean\Mozart, Wolfgang Amadeus, Piano Sonata No.5 in G major, K.283_189h, 0rnJu1rlm90.mid",OK,1,1.05,..\..\data\finetuning_v2\finetuning_sonatas_aug\Mozart_Wolfgang_Amadeus_Piano_Sonata_No.5_in_G_major_K.283_189h_0rnJu1rlm90__tr+1__ts1p050.mid,
"..\..\data\finetuning_v2\finetuning_sonatas_clean\Mozart, Wolfgang Amadeus, Piano Sonata No.5 in G major, K.283_189h, 0rnJu1rlm90.mid",OK,-3,0.975,..\..\data\finetuning_v2\finetuning_sonatas_aug\Mozart_Wolfgang_Amadeus_Piano_Sonata_No.5_in_G_major_K.283_189h_0rnJu1rlm90__tr-3__ts0p975.mid,
"..\..\data\finetuning_v2\finetuning_sonatas_clean\Mozart, Wolfgang Amadeus, Piano Sonata No.5 in G major, K.283_189h, 0rnJu1rlm90.mid",OK,-1,0.975,..\..\data\finetuning_v2\finetuning_sonatas_aug\Mozart_Wolfgang_Amadeus_Piano_Sonata_No.5_in_G_major_K.283_189h_0rnJu1rlm90__tr-1__ts0p975.mid,
"..\..\data\finetuning_v2\finetuning_sonatas_clean\Mozart, Wolfgang Amadeus, Piano Sonata No.5 in G major, K.283_189h, 0rnJu1rlm90.mid",OK,-1,1.0,..\..\data\finetuning_v2\finetuning_sonatas_aug\Mozart_Wolfgang_Amadeus_Piano_Sonata_No.5_in_G_major_K.283_189h_0rnJu1rlm90__tr-1__ts1p000.mid,
"..\..\data\finetuning_v2\finetuning_sonatas_clean\Mozart, Wolfgang Amadeus, Piano Sonata No.6 in D major, K.284_205b, 6TJTGOj03cU.mid",OK,0,1.0,..\..\data\finetuning_v2\finetuning_sonatas_aug\Mozart_Wolfgang_Amadeus_Piano_Sonata_No.6_in_D_major_K.284_205b_6TJTGOj03cU__tr0__ts1p000.mid,
"..\..\data\finetuning_v2\finetuning_sonatas_clean\Mozart, Wolfgang Amadeus, Piano Sonata No.6 in D major, K.284_205b, 6TJTGOj03cU.mid",OK,1,0.95,..\..\data\finetuning_v2\finetuning_sonatas_aug\Mozart_Wolfgang_Amadeus_Piano_Sonata_No.6_in_D_major_K.284_205b_6TJTGOj03cU__tr+1__ts0p950.mid,
"..\..\data\finetuning_v2\finetuning_sonatas_clean\Mozart, Wolfgang Amadeus, Piano Sonata No.6 in D major, K.284_205b, 6TJTGOj03cU.mid",OK,1,1.025,..\..\data\finetuning_v2\finetuning_sonatas_aug\Mozart_Wolfgang_Amadeus_Piano_Sonata_No.6_in_D_major_K.284_205b_6TJTGOj03cU__tr+1__ts1p025.mid,
"..\..\data\finetuning_v2\finetuning_sonatas_clean\Mozart, Wolfgang Amadeus, Piano Sonata No.6 in D major, K.284_205b, 6TJTGOj03cU.mid",OK,1,1.05,..\..\data\finetuning_v2\finetuning_sonatas_aug\Mozart_Wolfgang_Amadeus_Piano_Sonata_No.6_in_D_major_K.284_205b_6TJTGOj03cU__tr+1__ts1p050.mid,
"..\..\data\finetuning_v2\finetuning_sonatas_clean\Mozart, Wolfgang Amadeus, Piano Sonata No.6 in D major, K.284_205b, 6TJTGOj03cU.mid",OK,-3,0.975,..\..\data\finetuning_v2\finetuning_sonatas_aug\Mozart_Wolfgang_Amadeus_Piano_Sonata_No.6_in_D_major_K.284_205b_6TJTGOj03cU__tr-3__ts0p975.mid,
"..\..\data\finetuning_v2\finetuning_sonatas_clean\Mozart, Wolfgang Amadeus, Piano Sonata No.6 in D major, K.284_205b, 6TJTGOj03cU.mid",OK,3,1.0,..\..\data\finetuning_v2\finetuning_sonatas_aug\Mozart_Wolfgang_Amadeus_Piano_Sonata_No.6_in_D_major_K.284_205b_6TJTGOj03cU__tr+3__ts1p000.mid,
"..\..\data\finetuning_v2\finetuning_sonatas_clean\Mozart, Wolfgang Amadeus, Piano Sonata No.7 in C major, K.309_284b, 7QgT4_e8PTg.mid",OK,0,1.0,..\..\data\finetuning_v2\finetuning_sonatas_aug\Mozart_Wolfgang_Amadeus_Piano_Sonata_No.7_in_C_major_K.309_284b_7QgT4_e8PTg__tr0__ts1p000.mid,
"..\..\data\finetuning_v2\finetuning_sonatas_clean\Mozart, Wolfgang Amadeus, Piano Sonata No.7 in C major, K.309_284b, 7QgT4_e8PTg.mid",OK,2,1.05,..\..\data\finetuning_v2\finetuning_sonatas_aug\Mozart_Wolfgang_Amadeus_Piano_Sonata_No.7_in_C_major_K.309_284b_7QgT4_e8PTg__tr+2__ts1p050.mid,
"..\..\data\finetuning_v2\finetuning_sonatas_clean\Mozart, Wolfgang Amadeus, Piano Sonata No.7 in C major, K.309_284b, 7QgT4_e8PTg.mid",OK,-1,1.05,..\..\data\finetuning_v2\finetuning_sonatas_aug\Mozart_Wolfgang_Amadeus_Piano_Sonata_No.7_in_C_major_K.309_284b_7QgT4_e8PTg__tr-1__ts1p050.mid,
"..\..\data\finetuning_v2\finetuning_sonatas_clean\Mozart, Wolfgang Amadeus, Piano Sonata No.7 in C major, K.309_284b, 7QgT4_e8PTg.mid",OK,2,1.025,..\..\data\finetuning_v2\finetuning_sonatas_aug\Mozart_Wolfgang_Amadeus_Piano_Sonata_No.7_in_C_major_K.309_284b_7QgT4_e8PTg__tr+2__ts1p025.mid,
"..\..\data\finetuning_v2\finetuning_sonatas_clean\Mozart, Wolfgang Amadeus, Piano Sonata No.7 in C major, K.309_284b, 7QgT4_e8PTg.mid",OK,0,1.025,..\..\data\finetuning_v2\finetuning_sonatas_aug\Mozart_Wolfgang_Amadeus_Piano_Sonata_No.7_in_C_major_K.309_284b_7QgT4_e8PTg__tr0__ts1p025.mid,
"..\..\data\finetuning_v2\finetuning_sonatas_clean\Mozart, Wolfgang Amadeus, Piano Sonata No.7 in C major, K.309_284b, 7QgT4_e8PTg.mid",OK,-1,0.975,..\..\data\finetuning_v2\finetuning_sonatas_aug\Mozart_Wolfgang_Amadeus_Piano_Sonata_No.7_in_C_major_K.309_284b_7QgT4_e8PTg__tr-1__ts0p975.mid,
"..\..\data\finetuning_v2\finetuning_sonatas_clean\Mozart, Wolfgang Amadeus, Piano Sonata No.8 in A minor, K.310_300d, fRgxY8VUOz8.mid",OK,0,1.0,..\..\data\finetuning_v2\finetuning_sonatas_aug\Mozart_Wolfgang_Amadeus_Piano_Sonata_No.8_in_A_minor_K.310_300d_fRgxY8VUOz8__tr0__ts1p000.mid,
"..\..\data\finetuning_v2\finetuning_sonatas_clean\Mozart, Wolfgang Amadeus, Piano Sonata No.8 in A minor, K.310_300d, fRgxY8VUOz8.mid",OK,-1,1.025,..\..\data\finetuning_v2\finetuning_sonatas_aug\Mozart_Wolfgang_Amadeus_Piano_Sonata_No.8_in_A_minor_K.310_300d_fRgxY8VUOz8__tr-1__ts1p025.mid,
"..\..\data\finetuning_v2\finetuning_sonatas_clean\Mozart, Wolfgang Amadeus, Piano Sonata No.8 in A minor, K.310_300d, fRgxY8VUOz8.mid",OK,1,1.05,..\..\data\finetuning_v2\finetuning_sonatas_aug\Mozart_Wolfgang_Amadeus_Piano_Sonata_No.8_in_A_minor_K.310_300d_fRgxY8VUOz8__tr+1__ts1p050.mid,
"..\..\data\finetuning_v2\finetuning_sonatas_clean\Mozart, Wolfgang Amadeus, Piano Sonata No.8 in A minor, K.310_300d, fRgxY8VUOz8.mid",OK,0,1.025,..\..\data\finetuning_v2\finetuning_sonatas_aug\Mozart_Wolfgang_Amadeus_Piano_Sonata_No.8_in_A_minor_K.310_300d_fRgxY8VUOz8__tr0__ts1p025.mid,
"..\..\data\finetuning_v2\finetuning_sonatas_clean\Mozart, Wolfgang Amadeus, Piano Sonata No.8 in A minor, K.310_300d, fRgxY8VUOz8.mid",OK,2,1.0,..\..\data\finetuning_v2\finetuning_sonatas_aug\Mozart_Wolfgang_Amadeus_Piano_Sonata_No.8_in_A_minor_K.310_300d_fRgxY8VUOz8__tr+2__ts1p000.mid,
"..\..\data\finetuning_v2\finetuning_sonatas_clean\Mozart, Wolfgang Amadeus, Piano Sonata No.8 in A minor, K.310_300d, fRgxY8VUOz8.mid",OK,2,1.05,..\..\data\finetuning_v2\finetuning_sonatas_aug\Mozart_Wolfgang_Amadeus_Piano_Sonata_No.8_in_A_minor_K.310_300d_fRgxY8VUOz8__tr+2__ts1p050.mid,
"..\..\data\finetuning_v2\finetuning_sonatas_clean\Mozart, Wolfgang Amadeus, Piano Sonata No.9 in D major, K.311_284c, 49oiE8Tj1UU.mid",OK,0,1.0,..\..\data\finetuning_v2\finetuning_sonatas_aug\Mozart_Wolfgang_Amadeus_Piano_Sonata_No.9_in_D_major_K.311_284c_49oiE8Tj1UU__tr0__ts1p000.mid,
"..\..\data\finetuning_v2\finetuning_sonatas_clean\Mozart, Wolfgang Amadeus, Piano Sonata No.9 in D major, K.311_284c, 49oiE8Tj1UU.mid",OK,0,1.05,..\..\data\finetuning_v2\finetuning_sonatas_aug\Mozart_Wolfgang_Amadeus_Piano_Sonata_No.9_in_D_major_K.311_284c_49oiE8Tj1UU__tr0__ts1p050.mid,
"..\..\data\finetuning_v2\finetuning_sonatas_clean\Mozart, Wolfgang Amadeus, Piano Sonata No.9 in D major, K.311_284c, 49oiE8Tj1UU.mid",OK,1,1.025,..\..\data\finetuning_v2\finetuning_sonatas_aug\Mozart_Wolfgang_Amadeus_Piano_Sonata_No.9_in_D_major_K.311_284c_49oiE8Tj1UU__tr+1__ts1p025.mid,
"..\..\data\finetuning_v2\finetuning_sonatas_clean\Mozart, Wolfgang Amadeus, Piano Sonata No.9 in D major, K.311_284c, 49oiE8Tj1UU.mid",OK,2,1.025,..\..\data\finetuning_v2\finetuning_sonatas_aug\Mozart_Wolfgang_Amadeus_Piano_Sonata_No.9_in_D_major_K.311_284c_49oiE8Tj1UU__tr+2__ts1p025.mid,
"..\..\data\finetuning_v2\finetuning_sonatas_clean\Mozart, Wolfgang Amadeus, Piano Sonata No.9 in D major, K.311_284c, 49oiE8Tj1UU.mid",OK,-1,0.95,..\..\data\finetuning_v2\finetuning_sonatas_aug\Mozart_Wolfgang_Amadeus_Piano_Sonata_No.9_in_D_major_K.311_284c_49oiE8Tj1UU__tr-1__ts0p950.mid,
"..\..\data\finetuning_v2\finetuning_sonatas_clean\Mozart, Wolfgang Amadeus, Piano Sonata No.9 in D major, K.311_284c, 49oiE8Tj1UU.mid",OK,1,0.975,..\..\data\finetuning_v2\finetuning_sonatas_aug\Mozart_Wolfgang_Amadeus_Piano_Sonata_No.9_in_D_major_K.311_284c_49oiE8Tj1UU__tr+1__ts0p975.mid,
"..\..\data\finetuning_v2\finetuning_sonatas_clean\Mozart, Wolfgang Amadeus, Sonata for 2 Pianos in D major, K.448_375a, tT9gT5bqi6Y.mid",OK,0,1.0,..\..\data\finetuning_v2\finetuning_sonatas_aug\Mozart_Wolfgang_Amadeus_Sonata_for_2_Pianos_in_D_major_K.448_375a_tT9gT5bqi6Y__tr0__ts1p000.mid,
"..\..\data\finetuning_v2\finetuning_sonatas_clean\Mozart, Wolfgang Amadeus, Sonata for 2 Pianos in D major, K.448_375a, tT9gT5bqi6Y.mid",OK,-1,1.025,..\..\data\finetuning_v2\finetuning_sonatas_aug\Mozart_Wolfgang_Amadeus_Sonata_for_2_Pianos_in_D_major_K.448_375a_tT9gT5bqi6Y__tr-1__ts1p025.mid,
"..\..\data\finetuning_v2\finetuning_sonatas_clean\Mozart, Wolfgang Amadeus, Sonata for 2 Pianos in D major, K.448_375a, tT9gT5bqi6Y.mid",OK,1,1.0,..\..\data\finetuning_v2\finetuning_sonatas_aug\Mozart_Wolfgang_Amadeus_Sonata_for_2_Pianos_in_D_major_K.448_375a_tT9gT5bqi6Y__tr+1__ts1p000.mid,
"..\..\data\finetuning_v2\finetuning_sonatas_clean\Mozart, Wolfgang Amadeus, Sonata for 2 Pianos in D major, K.448_375a, tT9gT5bqi6Y.mid",OK,3,1.025,..\..\data\finetuning_v2\finetuning_sonatas_aug\Mozart_Wolfgang_Amadeus_Sonata_for_2_Pianos_in_D_major_K.448_375a_tT9gT5bqi6Y__tr+3__ts1p025.mid,
"..\..\data\finetuning_v2\finetuning_sonatas_clean\Mozart, Wolfgang Amadeus, Sonata for 2 Pianos in D major, K.448_375a, tT9gT5bqi6Y.mid",OK,1,0.95,..\..\data\finetuning_v2\finetuning_sonatas_aug\Mozart_Wolfgang_Amadeus_Sonata_for_2_Pianos_in_D_major_K.448_375a_tT9gT5bqi6Y__tr+1__ts0p950.mid,
"..\..\data\finetuning_v2\finetuning_sonatas_clean\Mozart, Wolfgang Amadeus, Sonata for 2 Pianos in D major, K.448_375a, tT9gT5bqi6Y.mid",OK,-1,0.975,..\..\data\finetuning_v2\finetuning_sonatas_aug\Mozart_Wolfgang_Amadeus_Sonata_for_2_Pianos_in_D_major_K.448_375a_tT9gT5bqi6Y__tr-1__ts0p975.mid,
"..\..\data\finetuning_v2\finetuning_sonatas_clean\Mozart, Wolfgang Amadeus, Sonata for 2 Pianos in D major, K.448_375a, tT9gT5bqi6Y.part2.mid",OK,0,1.0,..\..\data\finetuning_v2\finetuning_sonatas_aug\Mozart_Wolfgang_Amadeus_Sonata_for_2_Pianos_in_D_major_K.448_375a_tT9gT5bqi6Y.part2__tr0__ts1p000.mid,
"..\..\data\finetuning_v2\finetuning_sonatas_clean\Mozart, Wolfgang Amadeus, Sonata for 2 Pianos in D major, K.448_375a, tT9gT5bqi6Y.part2.mid",OK,3,0.975,..\..\data\finetuning_v2\finetuning_sonatas_aug\Mozart_Wolfgang_Amadeus_Sonata_for_2_Pianos_in_D_major_K.448_375a_tT9gT5bqi6Y.part2__tr+3__ts0p975.mid,
"..\..\data\finetuning_v2\finetuning_sonatas_clean\Mozart, Wolfgang Amadeus, Sonata for 2 Pianos in D major, K.448_375a, tT9gT5bqi6Y.part2.mid",OK,3,1.05,..\..\data\finetuning_v2\finetuning_sonatas_aug\Mozart_Wolfgang_Amadeus_Sonata_for_2_Pianos_in_D_major_K.448_375a_tT9gT5bqi6Y.part2__tr+3__ts1p050.mid,
"..\..\data\finetuning_v2\finetuning_sonatas_clean\Mozart, Wolfgang Amadeus, Sonata for 2 Pianos in D major, K.448_375a, tT9gT5bqi6Y.part2.mid",OK,-1,0.975,..\..\data\finetuning_v2\finetuning_sonatas_aug\Mozart_Wolfgang_Amadeus_Sonata_for_2_Pianos_in_D_major_K.448_375a_tT9gT5bqi6Y.part2__tr-1__ts0p975.mid,
"..\..\data\finetuning_v2\finetuning_sonatas_clean\Mozart, Wolfgang Amadeus, Sonata for 2 Pianos in D major, K.448_375a, tT9gT5bqi6Y.part2.mid",OK,2,0.95,..\..\data\finetuning_v2\finetuning_sonatas_aug\Mozart_Wolfgang_Amadeus_Sonata_for_2_Pianos_in_D_major_K.448_375a_tT9gT5bqi6Y.part2__tr+2__ts0p950.mid,
"..\..\data\finetuning_v2\finetuning_sonatas_clean\Mozart, Wolfgang Amadeus, Sonata for 2 Pianos in D major, K.448_375a, tT9gT5bqi6Y.part2.mid",OK,1,1.025,..\..\data\finetuning_v2\finetuning_sonatas_aug\Mozart_Wolfgang_Amadeus_Sonata_for_2_Pianos_in_D_major_K.448_375a_tT9gT5bqi6Y.part2__tr+1__ts1p025.mid,
"..\..\data\finetuning_v2\finetuning_sonatas_clean\Mozart, Wolfgang Amadeus, Sonata for Piano Four-Hands in B-flat major, K.358_186c, Cv4LiOYmFEk.mid",OK,0,1.0,..\..\data\finetuning_v2\finetuning_sonatas_aug\Mozart_Wolfgang_Amadeus_Sonata_for_Piano_Four-Hands_in_B-flat_major_K.358_186c_Cv4LiOYmFEk__tr0__ts1p000.mid,
"..\..\data\finetuning_v2\finetuning_sonatas_clean\Mozart, Wolfgang Amadeus, Sonata for Piano Four-Hands in B-flat major, K.358_186c, Cv4LiOYmFEk.mid",OK,1,0.975,..\..\data\finetuning_v2\finetuning_sonatas_aug\Mozart_Wolfgang_Amadeus_Sonata_for_Piano_Four-Hands_in_B-flat_major_K.358_186c_Cv4LiOYmFEk__tr+1__ts0p975.mid,
"..\..\data\finetuning_v2\finetuning_sonatas_clean\Mozart, Wolfgang Amadeus, Sonata for Piano Four-Hands in B-flat major, K.358_186c, Cv4LiOYmFEk.mid",OK,1,0.95,..\..\data\finetuning_v2\finetuning_sonatas_aug\Mozart_Wolfgang_Amadeus_Sonata_for_Piano_Four-Hands_in_B-flat_major_K.358_186c_Cv4LiOYmFEk__tr+1__ts0p950.mid,
"..\..\data\finetuning_v2\finetuning_sonatas_clean\Mozart, Wolfgang Amadeus, Sonata for Piano Four-Hands in B-flat major, K.358_186c, Cv4LiOYmFEk.mid",OK,-1,0.975,..\..\data\finetuning_v2\finetuning_sonatas_aug\Mozart_Wolfgang_Amadeus_Sonata_for_Piano_Four-Hands_in_B-flat_major_K.358_186c_Cv4LiOYmFEk__tr-1__ts0p975.mid,
"..\..\data\finetuning_v2\finetuning_sonatas_clean\Mozart, Wolfgang Amadeus, Sonata for Piano Four-Hands in B-flat major, K.358_186c, Cv4LiOYmFEk.mid",OK,0,0.975,..\..\data\finetuning_v2\finetuning_sonatas_aug\Mozart_Wolfgang_Amadeus_Sonata_for_Piano_Four-Hands_in_B-flat_major_K.358_186c_Cv4LiOYmFEk__tr0__ts0p975.mid,
"..\..\data\finetuning_v2\finetuning_sonatas_clean\Mozart, Wolfgang Amadeus, Sonata for Piano Four-Hands in B-flat major, K.358_186c, Cv4LiOYmFEk.mid",OK,-2,0.95,..\..\data\finetuning_v2\finetuning_sonatas_aug\Mozart_Wolfgang_Amadeus_Sonata_for_Piano_Four-Hands_in_B-flat_major_K.358_186c_Cv4LiOYmFEk__tr-2__ts0p950.mid,
"..\..\data\finetuning_v2\finetuning_sonatas_clean\Mozart, Wolfgang Amadeus, Sonata for Piano Four-Hands in C major, K.19d, oTJDS1dprLg.mid",OK,0,1.0,..\..\data\finetuning_v2\finetuning_sonatas_aug\Mozart_Wolfgang_Amadeus_Sonata_for_Piano_Four-Hands_in_C_major_K.19d_oTJDS1dprLg__tr0__ts1p000.mid,
"..\..\data\finetuning_v2\finetuning_sonatas_clean\Mozart, Wolfgang Amadeus, Sonata for Piano Four-Hands in C major, K.19d, oTJDS1dprLg.mid",OK,-1,1.0,..\..\data\finetuning_v2\finetuning_sonatas_aug\Mozart_Wolfgang_Amadeus_Sonata_for_Piano_Four-Hands_in_C_major_K.19d_oTJDS1dprLg__tr-1__ts1p000.mid,
"..\..\data\finetuning_v2\finetuning_sonatas_clean\Mozart, Wolfgang Amadeus, Sonata for Piano Four-Hands in C major, K.19d, oTJDS1dprLg.mid",OK,2,0.975,..\..\data\finetuning_v2\finetuning_sonatas_aug\Mozart_Wolfgang_Amadeus_Sonata_for_Piano_Four-Hands_in_C_major_K.19d_oTJDS1dprLg__tr+2__ts0p975.mid,
"..\..\data\finetuning_v2\finetuning_sonatas_clean\Mozart, Wolfgang Amadeus, Sonata for Piano Four-Hands in C major, K.19d, oTJDS1dprLg.mid",OK,1,0.975,..\..\data\finetuning_v2\finetuning_sonatas_aug\Mozart_Wolfgang_Amadeus_Sonata_for_Piano_Four-Hands_in_C_major_K.19d_oTJDS1dprLg__tr+1__ts0p975.mid,
"..\..\data\finetuning_v2\finetuning_sonatas_clean\Mozart, Wolfgang Amadeus, Sonata for Piano Four-Hands in C major, K.19d, oTJDS1dprLg.mid",OK,-2,0.975,..\..\data\finetuning_v2\finetuning_sonatas_aug\Mozart_Wolfgang_Amadeus_Sonata_for_Piano_Four-Hands_in_C_major_K.19d_oTJDS1dprLg__tr-2__ts0p975.mid,
"..\..\data\finetuning_v2\finetuning_sonatas_clean\Mozart, Wolfgang Amadeus, Sonata for Piano Four-Hands in C major, K.19d, oTJDS1dprLg.mid",OK,-3,1.025,..\..\data\finetuning_v2\finetuning_sonatas_aug\Mozart_Wolfgang_Amadeus_Sonata_for_Piano_Four-Hands_in_C_major_K.19d_oTJDS1dprLg__tr-3__ts1p025.mid,
"..\..\data\finetuning_v2\finetuning_sonatas_clean\Mozart, Wolfgang Amadeus, Sonata for Piano Four-Hands in D major, K.381_123a, zklTQOUOboY.mid",OK,0,1.0,..\..\data\finetuning_v2\finetuning_sonatas_aug\Mozart_Wolfgang_Amadeus_Sonata_for_Piano_Four-Hands_in_D_major_K.381_123a_zklTQOUOboY__tr0__ts1p000.mid,
"..\..\data\finetuning_v2\finetuning_sonatas_clean\Mozart, Wolfgang Amadeus, Sonata for Piano Four-Hands in D major, K.381_123a, zklTQOUOboY.mid",OK,1,0.975,..\..\data\finetuning_v2\finetuning_sonatas_aug\Mozart_Wolfgang_Amadeus_Sonata_for_Piano_Four-Hands_in_D_major_K.381_123a_zklTQOUOboY__tr+1__ts0p975.mid,
"..\..\data\finetuning_v2\finetuning_sonatas_clean\Mozart, Wolfgang Amadeus, Sonata for Piano Four-Hands in D major, K.381_123a, zklTQOUOboY.mid",OK,-3,1.025,..\..\data\finetuning_v2\finetuning_sonatas_aug\Mozart_Wolfgang_Amadeus_Sonata_for_Piano_Four-Hands_in_D_major_K.381_123a_zklTQOUOboY__tr-3__ts1p025.mid,
"..\..\data\finetuning_v2\finetuning_sonatas_clean\Mozart, Wolfgang Amadeus, Sonata for Piano Four-Hands in D major, K.381_123a, zklTQOUOboY.mid",OK,-3,0.95,..\..\data\finetuning_v2\finetuning_sonatas_aug\Mozart_Wolfgang_Amadeus_Sonata_for_Piano_Four-Hands_in_D_major_K.381_123a_zklTQOUOboY__tr-3__ts0p950.mid,
"..\..\data\finetuning_v2\finetuning_sonatas_clean\Mozart, Wolfgang Amadeus, Sonata for Piano Four-Hands in D major, K.381_123a, zklTQOUOboY.mid",OK,2,0.95,..\..\data\finetuning_v2\finetuning_sonatas_aug\Mozart_Wolfgang_Amadeus_Sonata_for_Piano_Four-Hands_in_D_major_K.381_123a_zklTQOUOboY__tr+2__ts0p950.mid,
"..\..\data\finetuning_v2\finetuning_sonatas_clean\Mozart, Wolfgang Amadeus, Sonata for Piano Four-Hands in D major, K.381_123a, zklTQOUOboY.mid",OK,3,0.975,..\..\data\finetuning_v2\finetuning_sonatas_aug\Mozart_Wolfgang_Amadeus_Sonata_for_Piano_Four-Hands_in_D_major_K.381_123a_zklTQOUOboY__tr+3__ts0p975.mid,
"..\..\data\finetuning_v2\finetuning_sonatas_clean\Mozart, Wolfgang Amadeus, Sonata for Piano Four-Hands in F major, K.497, t2Aodlo8uKU.mid",OK,0,1.0,..\..\data\finetuning_v2\finetuning_sonatas_aug\Mozart_Wolfgang_Amadeus_Sonata_for_Piano_Four-Hands_in_F_major_K.497_t2Aodlo8uKU__tr0__ts1p000.mid,
"..\..\data\finetuning_v2\finetuning_sonatas_clean\Mozart, Wolfgang Amadeus, Sonata for Piano Four-Hands in F major, K.497, t2Aodlo8uKU.mid",OK,-2,0.975,..\..\data\finetuning_v2\finetuning_sonatas_aug\Mozart_Wolfgang_Amadeus_Sonata_for_Piano_Four-Hands_in_F_major_K.497_t2Aodlo8uKU__tr-2__ts0p975.mid,
"..\..\data\finetuning_v2\finetuning_sonatas_clean\Mozart, Wolfgang Amadeus, Sonata for Piano Four-Hands in F major, K.497, t2Aodlo8uKU.mid",OK,-2,1.025,..\..\data\finetuning_v2\finetuning_sonatas_aug\Mozart_Wolfgang_Amadeus_Sonata_for_Piano_Four-Hands_in_F_major_K.497_t2Aodlo8uKU__tr-2__ts1p025.mid,
"..\..\data\finetuning_v2\finetuning_sonatas_clean\Mozart, Wolfgang Amadeus, Sonata for Piano Four-Hands in F major, K.497, t2Aodlo8uKU.mid",OK,-3,0.95,..\..\data\finetuning_v2\finetuning_sonatas_aug\Mozart_Wolfgang_Amadeus_Sonata_for_Piano_Four-Hands_in_F_major_K.497_t2Aodlo8uKU__tr-3__ts0p950.mid,
"..\..\data\finetuning_v2\finetuning_sonatas_clean\Mozart, Wolfgang Amadeus, Sonata for Piano Four-Hands in F major, K.497, t2Aodlo8uKU.mid",OK,3,0.95,..\..\data\finetuning_v2\finetuning_sonatas_aug\Mozart_Wolfgang_Amadeus_Sonata_for_Piano_Four-Hands_in_F_major_K.497_t2Aodlo8uKU__tr+3__ts0p950.mid,
"..\..\data\finetuning_v2\finetuning_sonatas_clean\Mozart, Wolfgang Amadeus, Sonata for Piano Four-Hands in F major, K.497, t2Aodlo8uKU.mid",OK,-3,1.05,..\..\data\finetuning_v2\finetuning_sonatas_aug\Mozart_Wolfgang_Amadeus_Sonata_for_Piano_Four-Hands_in_F_major_K.497_t2Aodlo8uKU__tr-3__ts1p050.mid,
"..\..\data\finetuning_v2\finetuning_sonatas_clean\Mozart, Wolfgang Amadeus, Sonata Movement for Two Pianos, K.Anh.42_375b, 4oY3lP_i9iA.mid",OK,0,1.0,..\..\data\finetuning_v2\finetuning_sonatas_aug\Mozart_Wolfgang_Amadeus_Sonata_Movement_for_Two_Pianos_K.Anh.42_375b_4oY3lP_i9iA__tr0__ts1p000.mid,
"..\..\data\finetuning_v2\finetuning_sonatas_clean\Mozart, Wolfgang Amadeus, Sonata Movement for Two Pianos, K.Anh.42_375b, 4oY3lP_i9iA.mid",OK,0,1.025,..\..\data\finetuning_v2\finetuning_sonatas_aug\Mozart_Wolfgang_Amadeus_Sonata_Movement_for_Two_Pianos_K.Anh.42_375b_4oY3lP_i9iA__tr0__ts1p025.mid,
"..\..\data\finetuning_v2\finetuning_sonatas_clean\Mozart, Wolfgang Amadeus, Sonata Movement for Two Pianos, K.Anh.42_375b, 4oY3lP_i9iA.mid",OK,2,1.0,..\..\data\finetuning_v2\finetuning_sonatas_aug\Mozart_Wolfgang_Amadeus_Sonata_Movement_for_Two_Pianos_K.Anh.42_375b_4oY3lP_i9iA__tr+2__ts1p000.mid,
"..\..\data\finetuning_v2\finetuning_sonatas_clean\Mozart, Wolfgang Amadeus, Sonata Movement for Two Pianos, K.Anh.42_375b, 4oY3lP_i9iA.mid",OK,-3,1.025,..\..\data\finetuning_v2\finetuning_sonatas_aug\Mozart_Wolfgang_Amadeus_Sonata_Movement_for_Two_Pianos_K.Anh.42_375b_4oY3lP_i9iA__tr-3__ts1p025.mid,
"..\..\data\finetuning_v2\finetuning_sonatas_clean\Mozart, Wolfgang Amadeus, Sonata Movement for Two Pianos, K.Anh.42_375b, 4oY3lP_i9iA.mid",OK,-1,1.025,..\..\data\finetuning_v2\finetuning_sonatas_aug\Mozart_Wolfgang_Amadeus_Sonata_Movement_for_Two_Pianos_K.Anh.42_375b_4oY3lP_i9iA__tr-1__ts1p025.mid,
"..\..\data\finetuning_v2\finetuning_sonatas_clean\Mozart, Wolfgang Amadeus, Sonata Movement for Two Pianos, K.Anh.42_375b, 4oY3lP_i9iA.mid",OK,0,0.95,..\..\data\finetuning_v2\finetuning_sonatas_aug\Mozart_Wolfgang_Amadeus_Sonata_Movement_for_Two_Pianos_K.Anh.42_375b_4oY3lP_i9iA__tr0__ts0p950.mid,
"..\..\data\finetuning_v2\finetuning_sonatas_clean\Mozart, Wolfgang Amadeus, Sonata Movement in B-flat major, K.Anh.43_375c, cAIp75te5-s.mid",OK,0,1.0,..\..\data\finetuning_v2\finetuning_sonatas_aug\Mozart_Wolfgang_Amadeus_Sonata_Movement_in_B-flat_major_K.Anh.43_375c_cAIp75te5-s__tr0__ts1p000.mid,
"..\..\data\finetuning_v2\finetuning_sonatas_clean\Mozart, Wolfgang Amadeus, Sonata Movement in B-flat major, K.Anh.43_375c, cAIp75te5-s.mid",OK,1,1.0,..\..\data\finetuning_v2\finetuning_sonatas_aug\Mozart_Wolfgang_Amadeus_Sonata_Movement_in_B-flat_major_K.Anh.43_375c_cAIp75te5-s__tr+1__ts1p000.mid,
"..\..\data\finetuning_v2\finetuning_sonatas_clean\Mozart, Wolfgang Amadeus, Sonata Movement in B-flat major, K.Anh.43_375c, cAIp75te5-s.mid",OK,0,0.95,..\..\data\finetuning_v2\finetuning_sonatas_aug\Mozart_Wolfgang_Amadeus_Sonata_Movement_in_B-flat_major_K.Anh.43_375c_cAIp75te5-s__tr0__ts0p950.mid,
"..\..\data\finetuning_v2\finetuning_sonatas_clean\Mozart, Wolfgang Amadeus, Sonata Movement in B-flat major, K.Anh.43_375c, cAIp75te5-s.mid",OK,-3,0.975,..\..\data\finetuning_v2\finetuning_sonatas_aug\Mozart_Wolfgang_Amadeus_Sonata_Movement_in_B-flat_major_K.Anh.43_375c_cAIp75te5-s__tr-3__ts0p975.mid,
"..\..\data\finetuning_v2\finetuning_sonatas_clean\Mozart, Wolfgang Amadeus, Sonata Movement in B-flat major, K.Anh.43_375c, cAIp75te5-s.mid",OK,2,1.0,..\..\data\finetuning_v2\finetuning_sonatas_aug\Mozart_Wolfgang_Amadeus_Sonata_Movement_in_B-flat_major_K.Anh.43_375c_cAIp75te5-s__tr+2__ts1p000.mid,
"..\..\data\finetuning_v2\finetuning_sonatas_clean\Mozart, Wolfgang Amadeus, Sonata Movement in B-flat major, K.Anh.43_375c, cAIp75te5-s.mid",OK,-2,1.0,..\..\data\finetuning_v2\finetuning_sonatas_aug\Mozart_Wolfgang_Amadeus_Sonata_Movement_in_B-flat_major_K.Anh.43_375c_cAIp75te5-s__tr-2__ts1p000.mid,
